label,Text
0,"['recognition', 'extraordinary', 'services', 'rendered', 'discovery', 'remarkable', 'rays', 'subsequently', 'named']"
1,"['work', 'serum', 'therapy', 'especially', 'application', 'diphtheria', 'opened', 'new', 'road', 'domain', 'medical', 'science', 'thereby', 'placed', 'hands', 'physician', 'victorious', 'weapon', 'illness', 'deaths']"
2,"['humanitarian', 'efforts', 'help', 'wounded', 'soldiers', 'create', 'international', 'understanding']"
2,"['lifelong', 'work', 'international', 'peace', 'conferences', 'diplomacy', 'arbitration']"
3,"['special', 'recognition', 'poetic', 'composition', 'gives', 'evidence', 'lofty', 'idealism', 'artistic', 'perfection', 'rare', 'combination', 'qualities', 'heart', 'intellect']"
14,"['recognition', 'extraordinary', 'services', 'rendered', 'discovery', 'laws', 'chemical', 'dynamics', 'osmotic', 'pressure', 'solutions']"
14,"['recognition', 'extraordinary', 'services', 'rendered', 'work', 'sugar', 'purine', 'syntheses']"
3,"['greatest', 'living', 'master', 'art', 'historical', 'writing', 'special', 'reference', 'monumental', 'work', 'IA', 'history', 'RomeI']"
2,"['eminently', 'practical', 'administration', 'InterParliamentary', 'Union']"
2,"['untiring', 'skilful', 'directorship', 'Bern', 'Peace', 'Bureau']"
0,"['recognition', 'extraordinary', 'service', 'rendered', 'researches', 'influence', 'magnetism', 'upon', 'radiation', 'phenomena']"
1,"['work', 'malaria', 'shown', 'enters', 'organism', 'thereby', 'laid', 'foundation', 'successful', 'research', 'disease', 'methods', 'combating']"
0,"['recognition', 'extraordinary', 'service', 'rendered', 'researches', 'influence', 'magnetism', 'upon', 'radiation', 'phenomena']"
0,"['recognition', 'extraordinary', 'services', 'rendered', 'joint', 'researches', 'radiation', 'phenomena', 'discovered', 'Professor', 'Henri', 'Becquerel']"
2,"['longstanding', 'devoted', 'effort', 'favour', 'ideas', 'peace', 'arbitration']"
0,"['recognition', 'extraordinary', 'services', 'rendered', 'discovery', 'spontaneous', 'radioactivity']"
0,"['recognition', 'extraordinary', 'services', 'rendered', 'joint', 'researches', 'radiation', 'phenomena', 'discovered', 'Professor', 'Henri', 'Becquerel']"
0,"['recognition', 'extraordinary', 'services', 'rendered', 'joint', 'researches', 'radiation', 'phenomena', 'discovered', 'Professor', 'Henri', 'Becquerel']"
1,"['recognition', 'contribution', 'treatment', 'diseases', 'especially', 'lupus', 'vulgaris', 'concentrated', 'light', 'radiation', 'whereby', 'opened', 'new', 'avenue', 'medical', 'science']"
3,"['tribute', 'noble', 'magnificent', 'versatile', 'poetry', 'always', 'distinguished', 'freshness', 'inspiration', 'rare', 'purity', 'spirit']"
14,"['recognition', 'extraordinary', 'services', 'rendered', 'advancement', 'chemistry', 'electrolytic', 'theory', 'dissociation']"
3,"['recognition', 'numerous', 'brilliant', 'compositions', 'individual', 'original', 'manner', 'revived', 'great', 'traditions', 'Spanish', 'drama']"
0,"['investigations', 'densities', 'important', 'gases', 'discovery', 'argon', 'connection', 'studies']"
2,"['striving', 'public', 'law', 'develop', 'peaceful', 'ties', 'nations', 'make', 'laws', 'war', 'humane']"
14,"['recognition', 'services', 'discovery', 'inert', 'gaseous', 'elements', 'air', 'determination', 'place', 'periodic', 'system']"
1,"['recognition', 'work', 'physiology', 'digestion', 'knowledge', 'vital', 'aspects', 'subject', 'transformed', 'enlarged']"
3,"['recognition', 'fresh', 'originality', 'true', 'inspiration', 'poetic', 'production', 'faithfully', 'reflects', 'natural', 'scenery', 'native', 'spirit', 'people', 'addition', 'significant', 'work', 'Provenccedilal', 'philologist']"
14,"['recognition', 'services', 'advancement', 'organic', 'chemistry', 'chemical', 'industry', 'work', 'organic', 'dyes', 'hydroaromatic', 'compounds']"
3,"['outstanding', 'merits', 'epic', 'writer']"
0,"['work', 'cathode', 'rays']"
2,"['audacity', 'oppose', 'horrors', 'war']"
1,"['investigations', 'discoveries', 'relation', 'tuberculosis']"
3,"['consideration', 'deep', 'learning', 'critical', 'research', 'tribute', 'creative', 'energy', 'freshness', 'style', 'lyrical', 'force', 'characterize', 'poetic', 'masterpieces']"
2,"['role', 'bringing', 'end', 'bloody', 'war', 'recently', 'waged', 'two', 'worlds', 'great', 'powers', 'Japan', 'Russia']"
0,"['recognition', 'great', 'merits', 'theoretical', 'experimental', 'investigations', 'conduction', 'electricity', 'gases']"
1,"['recognition', 'work', 'structure', 'nervous', 'system']"
14,"['recognition', 'great', 'services', 'rendered', 'investigation', 'isolation', 'element', 'fluorine', 'adoption', 'service', 'science', 'electric', 'furnace', 'called']"
1,"['recognition', 'work', 'structure', 'nervous', 'system']"
1,"['recognition', 'work', 'role', 'played', 'protozoa', 'causing', 'diseases']"
14,"['biochemical', 'researches', 'discovery', 'cellfree', 'fermentation']"
3,"['consideration', 'power', 'observation', 'originality', 'imagination', 'virility', 'ideas', 'remarkable', 'talent', 'narration', 'characterize', 'creations', 'worldfamous', 'author']"
2,"['decisive', 'influence', 'upon', 'conduct', 'outcome', 'Hague', 'Geneva', 'Conferences']"
2,"['work', 'press', 'peace', 'meetings', 'public', 'private', 'understanding', 'France', 'Italy']"
0,"['optical', 'precision', 'instruments', 'spectroscopic', 'metrological', 'investigations', 'carried', 'aid']"
14,"['investigations', 'disintegration', 'elements', 'chemistry', 'radioactive', 'substances']"
3,"['recognition', 'earnest', 'search', 'truth', 'penetrating', 'power', 'thought', 'wide', 'range', 'vision', 'warmth', 'strength', 'presentation', 'numerous', 'works', 'vindicated', 'developed', 'idealistic', 'philosophy', 'life']"
2,"['long', 'time', 'work', 'cause', 'peace', 'politicians', 'peace', 'society', 'leaders', 'orators', 'authors']"
1,"['recognition', 'work', 'immunity']"
1,"['recognition', 'work', 'immunity']"
2,"['long', 'time', 'work', 'cause', 'peace', 'politicians', 'peace', 'society', 'leaders', 'orators', 'authors']"
0,"['method', 'reproducing', 'colours', 'photographically', 'based', 'phenomenon', 'interference']"
0,"['recognition', 'contributions', 'development', 'wireless', 'telegraphy']"
1,"['work', 'physiology', 'pathology', 'surgery', 'thyroid', 'gland']"
3,"['appreciation', 'lofty', 'idealism', 'vivid', 'imagination', 'spiritual', 'perception', 'characterize', 'writings']"
14,"['recognition', 'work', 'catalysis', 'investigations', 'fundamental', 'principles', 'governing', 'chemical', 'equilibria', 'rates', 'reaction']"
0,"['recognition', 'contributions', 'development', 'wireless', 'telegraphy']"
2,"['prominent', 'position', 'international', 'movement', 'peace', 'arbitration']"
2,"['prominent', 'position', 'international', 'movement', 'peace', 'arbitration']"
3,"['tribute', 'consummate', 'artistry', 'permeated', 'idealism', 'demonstrated', 'long', 'productive', 'career', 'lyric', 'poet', 'dramatist', 'novelist', 'writer', 'worldrenowned', 'short', 'stories']"
2,"['acting', 'link', 'peace', 'societies', 'various', 'countries', 'helping', 'organize', 'world', 'rallies', 'international', 'peace', 'movement']"
0,"['work', 'equation', 'state', 'gases', 'liquids']"
1,"['recognition', 'contributions', 'knowledge', 'cell', 'chemistry', 'made', 'work', 'proteins', 'including', 'nucleic', 'substances']"
14,"['recognition', 'services', 'organic', 'chemistry', 'chemical', 'industry', 'pioneer', 'work', 'field', 'alicyclic', 'compounds']"
2,"['effort', 'expose', 'fight', 'considers', 'main', 'cause', 'war', 'namely', 'anarchy', 'international', 'relations']"
2,"['role', 'cofounder', 'Institut', 'de', 'droit', 'international', 'initiator', 'Conferences', 'International', 'Private', 'Law', 'Conférences', 'de', 'Droit', 'international', 'privé', 'Hague', 'pioneer', 'field', 'international', 'legal', 'relations']"
14,"['recognition', 'services', 'advancement', 'chemistry', 'discovery', 'elements', 'radium', 'polonium', 'isolation', 'radium', 'study', 'nature', 'compounds', 'remarkable', 'element']"
14,"['recognition', 'services', 'advancement', 'chemistry', 'discovery', 'elements', 'radium', 'polonium', 'isolation', 'radium', 'study', 'nature', 'compounds', 'remarkable', 'element']"
0,"['discoveries', 'regarding', 'laws', 'governing', 'radiation', 'heat']"
3,"['appreciation', 'manysided', 'literary', 'activities', 'especially', 'dramatic', 'works', 'distinguished', 'wealth', 'imagination', 'poetic', 'fancy', 'reveals', 'sometimes', 'guise', 'fairy', 'tale', 'deep', 'inspiration', 'mysterious', 'way', 'appeal', 'readers', 'feelings', 'stimulate', 'imaginations']"
1,"['work', 'dioptrics', 'eye']"
3,"['primarily', 'recognition', 'fruitful', 'varied', 'outstanding', 'production', 'realm', 'dramatic', 'art']"
1,"['recognition', 'work', 'vascular', 'suture', 'transplantation', 'blood', 'vessels', 'organs']"
14,"['method', 'hydrogenating', 'organic', 'compounds', 'presence', 'finely', 'disintegrated', 'metals', 'whereby', 'progress', 'organic', 'chemistry', 'greatly', 'advanced', 'recent', 'years']"
14,"['discovery', 'socalled', 'Grignard', 'reagent', 'recent', 'years', 'greatly', 'advanced', 'progress', 'organic', 'chemistry']"
0,"['invention', 'automatic', 'regulators', 'use', 'conjunction', 'gas', 'accumulators', 'illuminating', 'lighthouses', 'buoys']"
2,"['bringing', 'better', 'understanding', 'countries', 'North', 'South', 'America', 'initiating', 'important', 'arbitration', 'agreements', 'United', 'States', 'countries']"
1,"['recognition', 'work', 'anaphylaxis']"
14,"['recognition', 'work', 'linkage', 'atoms', 'molecules', 'thrown', 'new', 'light', 'earlier', 'investigations', 'opened', 'new', 'fields', 'research', 'especially', 'inorganic', 'chemistry']"
2,"['unparalleled', 'contribution', 'organization', 'peaceful', 'internationalism']"
3,"['profoundly', 'sensitive', 'fresh', 'beautiful', 'verse', 'consummate', 'skill', 'made', 'poetic', 'thought', 'expressed', 'English', 'words', 'part', 'literature', 'West']"
0,"['investigations', 'properties', 'matter', 'low', 'temperatures', 'led', 'inter', 'alia', 'production', 'liquid', 'helium']"
0,"['discovery', 'diffraction', 'Xrays', 'crystals']"
1,"['work', 'physiology', 'pathology', 'vestibular', 'apparatus']"
14,"['recognition', 'accurate', 'determinations', 'atomic', 'weight', 'large', 'number', 'chemical', 'elements']"
0,"['services', 'analysis', 'crystal', 'structure', 'means', 'Xrays']"
0,"['services', 'analysis', 'crystal', 'structure', 'means', 'Xrays']"
14,"['researches', 'plant', 'pigments', 'especially', 'chlorophyll']"
3,"['tribute', 'lofty', 'idealism', 'literary', 'production', 'sympathy', 'love', 'truth', 'described', 'different', 'types', 'human', 'beings']"
3,"['recognition', 'significance', 'leading', 'representative', 'new', 'era', 'literature']"
2,"['efforts', 'take', 'care', 'wounded', 'soldiers', 'prisoners', 'war', 'families']"
2,"['efforts', 'take', 'care', 'wounded', 'soldiers', 'prisoners', 'war', 'families']"
2,"['efforts', 'take', 'care', 'wounded', 'soldiers', 'prisoners', 'war', 'families']"
0,"['discovery', 'characteristic', 'Roumlntgen', 'radiation', 'elements']"
3,"['varied', 'rich', 'poetry', 'inspired', 'lofty', 'ideals']"
3,"['authentic', 'descriptions', 'presentday', 'life', 'Denmark']"
0,"['recognition', 'services', 'rendered', 'advancement', 'Physics', 'discovery', 'energy', 'quanta']"
14,"['synthesis', 'ammonia', 'elements']"
2,"['role', 'founder', 'League', 'Nations']"
1,"['discoveries', 'relating', 'immunity']"
0,"['discovery', 'Doppler', 'effect', 'canal', 'rays', 'splitting', 'spectral', 'lines', 'electric', 'fields']"
3,"['special', 'appreciation', 'epic', 'IOlympian', 'SpringI']"
0,"['recognition', 'service', 'rendered', 'precision', 'measurements', 'Physics', 'discovery', 'anomalies', 'nickel', 'steel', 'alloys']"
14,"['recognition', 'work', 'thermochemistry']"
1,"['discovery', 'capillary', 'motor', 'regulating', 'mechanism']"
2,"['longstanding', 'contribution', 'cause', 'peace', 'justice', 'prominent', 'role', 'establishment', 'League', 'Nations']"
3,"['monumental', 'work', 'IGrowth', 'SoilI']"
3,"['recognition', 'brilliant', 'literary', 'achievements', 'characterized', 'nobility', 'style', 'profound', 'human', 'sympathy', 'grace', 'true', 'Gallic', 'temperament']"
2,"['lifelong', 'contributions', 'cause', 'peace', 'organized', 'internationalism']"
0,"['services', 'Theoretical', 'Physics', 'especially', 'discovery', 'law', 'photoelectric', 'effect']"
14,"['contributions', 'knowledge', 'chemistry', 'radioactive', 'substances', 'investigations', 'origin', 'nature', 'isotopes']"
2,"['lifelong', 'contributions', 'cause', 'peace', 'organized', 'internationalism']"
0,"['services', 'investigation', 'structure', 'atoms', 'radiation', 'emanating']"
2,"['leading', 'role', 'repatriation', 'prisoners', 'war', 'international', 'relief', 'work', 'League', 'Nations', 'High', 'Commissioner', 'refugees']"
14,"['discovery', 'means', 'mass', 'spectrograph', 'isotopes', 'large', 'number', 'nonradioactive', 'elements', 'enunciation', 'wholenumber', 'rule']"
1,"['discovery', 'fixed', 'relationship', 'consumption', 'oxygen', 'metabolism', 'lactic', 'acid', 'muscle']"
3,"['happy', 'manner', 'continued', 'illustrious', 'traditions', 'Spanish', 'drama']"
1,"['discovery', 'relating', 'production', 'heat', 'muscle']"
1,"['discovery', 'insulin']"
1,"['discovery', 'insulin']"
0,"['work', 'elementary', 'charge', 'electricity', 'photoelectric', 'effect']"
14,"['invention', 'method', 'microanalysis', 'organic', 'substances']"
3,"['always', 'inspired', 'poetry', 'highly', 'artistic', 'form', 'gives', 'expression', 'spirit', 'whole', 'nation']"
3,"['great', 'national', 'epic', 'IThe', 'PeasantsI']"
1,"['discovery', 'mechanism', 'electrocardiogram']"
0,"['discoveries', 'research', 'field', 'Xray', 'spectroscopy']"
0,"['discovery', 'laws', 'governing', 'impact', 'electron', 'upon', 'atom']"
0,"['discovery', 'laws', 'governing', 'impact', 'electron', 'upon', 'atom']"
2,"['crucial', 'role', 'bringing', 'Locarno', 'Treaty']"
2,"['crucial', 'role', 'bringing', 'Dawes', 'Plan']"
14,"['demonstration', 'heterogenous', 'nature', 'colloid', 'solutions', 'methods', 'used', 'since', 'become', 'fundamental', 'modern', 'colloid', 'chemistry']"
3,"['work', 'marked', 'idealism', 'humanity', 'stimulating', 'satire', 'often', 'infused', 'singular', 'poetic', 'beauty']"
2,"['crucial', 'role', 'bringing', 'Locarno', 'Treaty']"
2,"['crucial', 'role', 'bringing', 'Locarno', 'Treaty']"
3,"['idealistically', 'inspired', 'writings', 'plastic', 'clarity', 'picture', 'life', 'native', 'island', 'depth', 'sympathy', 'deal', 'human', 'problems', 'general']"
1,"['discovery', 'Spiroptera', 'carcinoma']"
0,"['work', 'discontinuous', 'structure', 'matter', 'especially', 'discovery', 'sedimentation', 'equilibrium']"
14,"['work', 'disperse', 'systems']"
3,"['recognition', 'rich', 'vitalizing', 'ideas', 'brilliant', 'skill', 'presented']"
2,"['contribution', 'emergence', 'France', 'Germany', 'public', 'opinion', 'favours', 'peaceful', 'international', 'cooperation']"
0,"['discovery', 'effect', 'named']"
0,"['method', 'making', 'paths', 'electrically', 'charged', 'particles', 'visible', 'condensation', 'vapour']"
1,"['discovery', 'therapeutic', 'value', 'malaria', 'inoculation', 'treatment', 'dementia', 'paralytica']"
14,"['investigations', 'constitution', 'bile', 'acids', 'related', 'substances']"
2,"['contribution', 'emergence', 'France', 'Germany', 'public', 'opinion', 'favours', 'peaceful', 'international', 'cooperation']"
1,"['work', 'typhus']"
14,"['services', 'rendered', 'research', 'constitution', 'sterols', 'connection', 'vitamins']"
0,"['work', 'thermionic', 'phenomenon', 'especially', 'discovery', 'law', 'named']"
3,"['principally', 'powerful', 'descriptions', 'Northern', 'life', 'Middle', 'Ages']"
14,"['investigations', 'fermentation', 'sugar', 'fermentative', 'enzymes']"
14,"['investigations', 'fermentation', 'sugar', 'fermentative', 'enzymes']"
1,"['discovery', 'antineuritic', 'vitamin']"
0,"['discovery', 'wave', 'nature', 'electrons']"
3,"['principally', 'great', 'novel', 'IBuddenbrooksI', 'steadily', 'increased', 'recognition', 'one', 'classic', 'works', 'contemporary', 'literature']"
1,"['discovery', 'growthstimulating', 'vitamins']"
2,"['crucial', 'role', 'bringing', 'BriandKellogg', 'Pact']"
3,"['vigorous', 'graphic', 'art', 'description', 'ability', 'create', 'wit', 'humour', 'new', 'types', 'characters']"
1,"['discovery', 'human', 'blood', 'groups']"
14,"['researches', 'constitution', 'haemin', 'chlorophyll', 'especially', 'synthesis', 'haemin']"
2,"['promoting', 'Christian', 'unity', 'helping', 'create', 'new', 'attitude', 'mind', 'necessary', 'peace', 'nations', 'become', 'reality']"
0,"['work', 'scattering', 'light', 'discovery', 'effect', 'named']"
1,"['discovery', 'nature', 'mode', 'action', 'respiratory', 'enzyme']"
14,"['recognition', 'contributions', 'invention', 'development', 'chemical', 'high', 'pressure', 'methods']"
14,"['recognition', 'contributions', 'invention', 'development', 'chemical', 'high', 'pressure', 'methods']"
3,"['poetry', 'Erik', 'Axel', 'Karlfeldt']"
2,"['assiduous', 'effort', 'revive', 'ideal', 'peace', 'rekindle', 'spirit', 'peace', 'nation', 'whole', 'mankind']"
2,"['assiduous', 'effort', 'revive', 'ideal', 'peace', 'rekindle', 'spirit', 'peace', 'nation', 'whole', 'mankind']"
1,"['discoveries', 'regarding', 'functions', 'neurons']"
1,"['discoveries', 'regarding', 'functions', 'neurons']"
0,"['creation', 'quantum', 'mechanics', 'application', 'inter', 'alia', 'led', 'discovery', 'allotropic', 'forms', 'hydrogen']"
3,"['distinguished', 'art', 'narration', 'takes', 'highest', 'form', 'IThe', 'Forsyte', 'SagaI']"
14,"['discoveries', 'investigations', 'surface', 'chemistry']"
0,"['discovery', 'new', 'productive', 'forms', 'atomic', 'theory']"
0,"['discovery', 'new', 'productive', 'forms', 'atomic', 'theory']"
2,"['exposed', 'pen', 'illusion', 'war', 'presented', 'convincing', 'plea', 'international', 'cooperation', 'peace']"
1,"['discoveries', 'concerning', 'role', 'played', 'chromosome', 'heredity']"
3,"['strict', 'artistry', 'carried', 'classical', 'Russian', 'traditions', 'prose', 'writing']"
1,"['discoveries', 'concerning', 'liver', 'therapy', 'cases', 'anaemia']"
14,"['discovery', 'heavy', 'hydrogen']"
3,"['bold', 'ingenious', 'revival', 'dramatic', 'scenic', 'art']"
1,"['discoveries', 'concerning', 'liver', 'therapy', 'cases', 'anaemia']"
1,"['discoveries', 'concerning', 'liver', 'therapy', 'cases', 'anaemia']"
2,"['untiring', 'struggle', 'courageous', 'efforts', 'Chairman', 'League', 'Nations', 'Disarmament', 'Conference', '193134']"
14,"['recognition', 'synthesis', 'new', 'radioactive', 'elements']"
14,"['recognition', 'synthesis', 'new', 'radioactive', 'elements']"
0,"['discovery', 'neutron']"
1,"['discovery', 'organizer', 'effect', 'embryonic', 'development']"
2,"['burning', 'love', 'freedom', 'thought', 'expression', 'valuable', 'contribution', 'cause', 'peace']"
14,"['contributions', 'knowledge', 'molecular', 'structure', 'investigations', 'dipole', 'moments', 'diffraction', 'Xrays', 'electrons', 'gases']"
1,"['discoveries', 'relating', 'chemical', 'transmission', 'nerve', 'impulses']"
0,"['discovery', 'cosmic', 'radiation']"
1,"['discoveries', 'relating', 'chemical', 'transmission', 'nerve', 'impulses']"
0,"['discovery', 'positron']"
2,"['role', 'father', 'Argentine', 'Antiwar', 'Pact', '1933', 'also', 'used', 'means', 'mediate', 'peace', 'Paraguay', 'Bolivia', '1935']"
3,"['power', 'honesty', 'deepfelt', 'emotions', 'dramatic', 'works', 'embody', 'original', 'concept', 'tragedy']"
0,"['experimental', 'discovery', 'diffraction', 'electrons', 'crystals']"
1,"['discoveries', 'connection', 'biological', 'combustion', 'processes', 'special', 'reference', 'vitamin', 'C', 'catalysis', 'fumaric', 'acid']"
14,"['investigations', 'carbohydrates', 'vitamin', 'C']"
0,"['experimental', 'discovery', 'diffraction', 'electrons', 'crystals']"
2,"['tireless', 'effort', 'support', 'League', 'Nations', 'disarmament', 'peace']"
3,"['artistic', 'power', 'truth', 'depicted', 'human', 'conflict', 'well', 'fundamental', 'aspects', 'contemporary', 'life', 'novelcycle', 'ILes', 'ThibaultI']"
14,"['investigations', 'carotenoids', 'flavins', 'vitamins', 'B2']"
0,"['demonstrations', 'existence', 'new', 'radioactive', 'elements', 'produced', 'neutron', 'irradiation', 'related', 'discovery', 'nuclear', 'reactions', 'brought', 'slow', 'neutrons']"
14,"['work', 'carotenoids', 'vitamins']"
1,"['discovery', 'role', 'played', 'sinus', 'aortic', 'mechanisms', 'regulation', 'respiration']"
2,"['carried', 'work', 'Fridtjof', 'Nansen', 'benefit', 'refugees', 'across', 'Europe']"
3,"['rich', 'truly', 'epic', 'descriptions', 'peasant', 'life', 'China', 'biographical', 'masterpieces']"
1,"['discovery', 'antibacterial', 'effects', 'prontosil']"
0,"['invention', 'development', 'cyclotron', 'results', 'obtained', 'especially', 'regard', 'artificial', 'radioactive', 'elements']"
14,"['work', 'polymethylenes', 'higher', 'terpenes']"
14,"['work', 'sex', 'hormones']"
3,"['deep', 'understanding', 'countrys', 'peasantry', 'exquisite', 'art', 'portrayed', 'way', 'life', 'relationship', 'Nature']"
1,"['discovery', 'vitamin', 'K']"
1,"['discovery', 'chemical', 'nature', 'vitamin', 'K']"
14,"['work', 'use', 'isotopes', 'tracers', 'study', 'chemical', 'processes']"
0,"['contribution', 'development', 'molecular', 'ray', 'method', 'discovery', 'magnetic', 'moment', 'proton']"
1,"['discoveries', 'relating', 'highly', 'differentiated', 'functions', 'single', 'nerve', 'fibres']"
3,"['rare', 'strength', 'fertility', 'poetic', 'imagination', 'combined', 'intellectual', 'curiosity', 'wide', 'scope', 'bold', 'freshly', 'creative', 'style']"
1,"['discoveries', 'relating', 'highly', 'differentiated', 'functions', 'single', 'nerve', 'fibres']"
14,"['discovery', 'fission', 'heavy', 'nuclei']"
2,"['great', 'work', 'performed', 'war', 'behalf', 'humanity']"
2,"['great', 'work', 'performed', 'war', 'behalf', 'humanity']"
2,"['great', 'work', 'performed', 'war', 'behalf', 'humanity']"
0,"['resonance', 'method', 'recording', 'magnetic', 'properties', 'atomic', 'nuclei']"
0,"['discovery', 'Exclusion', 'Principle', 'also', 'called', 'Pauli', 'Principle']"
3,"['lyric', 'poetry', 'inspired', 'powerful', 'emotions', 'made', 'name', 'symbol', 'idealistic', 'aspirations', 'entire', 'Latin', 'American', 'world']"
14,"['research', 'inventions', 'agricultural', 'nutrition', 'chemistry', 'especially', 'fodder', 'preservation', 'method']"
2,"['indefatigable', 'work', 'international', 'understanding', 'pivotal', 'role', 'establishing', 'United', 'Nations']"
1,"['discovery', 'penicillin', 'curative', 'effect', 'various', 'infectious', 'diseases']"
1,"['discovery', 'penicillin', 'curative', 'effect', 'various', 'infectious', 'diseases']"
1,"['discovery', 'penicillin', 'curative', 'effect', 'various', 'infectious', 'diseases']"
2,"['contribution', 'creation', 'peacepromoting', 'religious', 'brotherhood', 'across', 'national', 'boundaries']"
0,"['invention', 'apparatus', 'produce', 'extremely', 'high', 'pressures', 'discoveries', 'made', 'therewith', 'field', 'high', 'pressure', 'physics']"
14,"['discovery', 'enzymes', 'crystallized']"
14,"['preparation', 'enzymes', 'virus', 'proteins', 'pure', 'form']"
14,"['preparation', 'enzymes', 'virus', 'proteins', 'pure', 'form']"
1,"['discovery', 'production', 'mutations', 'means', 'Xray', 'irradiation']"
2,"['lifelong', 'work', 'cause', 'peace']"
3,"['inspired', 'writings', 'growing', 'boldness', 'penetration', 'exemplify', 'classical', 'humanitarian', 'ideals', 'high', 'qualities', 'style']"
1,"['discovery', 'course', 'catalytic', 'conversion', 'glycogen']"
1,"['discovery', 'part', 'played', 'hormone', 'anterior', 'pituitary', 'lobe', 'metabolism', 'sugar']"
0,"['investigations', 'physics', 'upper', 'atmosphere', 'especially', 'discovery', 'socalled', 'Appleton', 'layer']"
3,"['comprehensive', 'artistically', 'significant', 'writings', 'human', 'problems', 'conditions', 'presented', 'fearless', 'love', 'truth', 'keen', 'psychological', 'insight']"
14,"['investigations', 'plant', 'products', 'biological', 'importance', 'especially', 'alkaloids']"
2,"['pioneering', 'work', 'international', 'peace', 'movement', 'compassionate', 'effort', 'relieve', 'human', 'suffering', 'thereby', 'promoting', 'fraternity', 'nations']"
2,"['pioneering', 'work', 'international', 'peace', 'movement', 'compassionate', 'effort', 'relieve', 'human', 'suffering', 'thereby', 'promoting', 'fraternity', 'nations']"
1,"['discovery', 'course', 'catalytic', 'conversion', 'glycogen']"
1,"['discovery', 'high', 'efficiency', 'DDT', 'contact', 'poison', 'several', 'arthropods']"
3,"['outstanding', 'pioneer', 'contribution', 'presentday', 'poetry']"
14,"['research', 'electrophoresis', 'adsorption', 'analysis', 'especially', 'discoveries', 'concerning', 'complex', 'nature', 'serum', 'proteins']"
0,"['development', 'Wilson', 'cloud', 'chamber', 'method', 'discoveries', 'therewith', 'fields', 'nuclear', 'physics', 'cosmic', 'radiation']"
1,"['discovery', 'therapeutic', 'value', 'leucotomy', 'certain', 'psychoses']"
14,"['contributions', 'field', 'chemical', 'thermodynamics', 'particularly', 'concerning', 'behaviour', 'substances', 'extremely', 'low', 'temperatures']"
1,"['discovery', 'functional', 'organization', 'interbrain', 'coordinator', 'activities', 'internal', 'organs']"
3,"['powerful', 'artistically', 'unique', 'contribution', 'modern', 'American', 'novel']"
2,"['lifelong', 'effort', 'conquer', 'hunger', 'want', 'thereby', 'helping', 'remove', 'major', 'cause', 'military', 'conflict', 'war']"
0,"['prediction', 'existence', 'mesons', 'basis', 'theoretical', 'work', 'nuclear', 'forces']"
3,"['recognition', 'varied', 'significant', 'writings', 'champions', 'humanitarian', 'ideals', 'freedom', 'thought']"
2,"['work', 'mediator', 'Palestine', '19481949']"
1,"['discoveries', 'relating', 'hormones', 'adrenal', 'cortex', 'structure', 'biological', 'effects']"
1,"['discoveries', 'relating', 'hormones', 'adrenal', 'cortex', 'structure', 'biological', 'effects']"
1,"['discoveries', 'relating', 'hormones', 'adrenal', 'cortex', 'structure', 'biological', 'effects']"
14,"['discovery', 'development', 'diene', 'synthesis']"
0,"['development', 'photographic', 'method', 'studying', 'nuclear', 'processes', 'discoveries', 'regarding', 'mesons', 'made', 'method']"
14,"['discovery', 'development', 'diene', 'synthesis']"
2,"['devoted', 'life', 'fight', 'war', 'promotion', 'social', 'justice', 'brotherhood', 'among', 'men', 'nations']"
3,"['artistic', 'vigour', 'true', 'independence', 'mind', 'endeavours', 'poetry', 'find', 'answers', 'eternal', 'questions', 'confronting', 'mankind']"
0,"['pioneer', 'work', 'transmutation', 'atomic', 'nuclei', 'artificially', 'accelerated', 'atomic', 'particles']"
0,"['pioneer', 'work', 'transmutation', 'atomic', 'nuclei', 'artificially', 'accelerated', 'atomic', 'particles']"
14,"['discoveries', 'chemistry', 'transuranium', 'elements']"
1,"['discoveries', 'concerning', 'yellow', 'fever', 'combat']"
14,"['discoveries', 'chemistry', 'transuranium', 'elements']"
0,"['development', 'new', 'methods', 'nuclear', 'magnetic', 'precision', 'measurements', 'discoveries', 'connection', 'therewith']"
14,"['invention', 'partition', 'chromatography']"
2,"['altruism', 'reverence', 'life', 'tireless', 'humanitarian', 'work', 'helped', 'making', 'idea', 'brotherhood', 'men', 'nations', 'living', 'one']"
1,"['discovery', 'streptomycin', 'first', 'antibiotic', 'effective', 'tuberculosis']"
14,"['invention', 'partition', 'chromatography']"
0,"['development', 'new', 'methods', 'nuclear', 'magnetic', 'precision', 'measurements', 'discoveries', 'connection', 'therewith']"
3,"['deep', 'spiritual', 'insight', 'artistic', 'intensity', 'novels', 'penetrated', 'drama', 'human', 'life']"
2,"['proposing', 'supervising', 'plan', 'economic', 'recovery', 'Europe']"
1,"['discovery', 'citric', 'acid', 'cycle']"
1,"['discovery', 'coenzyme', 'importance', 'intermediary', 'metabolism']"
0,"['demonstration', 'phase', 'contrast', 'method', 'especially', 'invention', 'phase', 'contrast', 'microscope']"
14,"['discoveries', 'field', 'macromolecular', 'chemistry']"
3,"['mastery', 'historical', 'biographical', 'description', 'well', 'brilliant', 'oratory', 'defending', 'exalted', 'human', 'values']"
1,"['discovery', 'ability', 'poliomyelitis', 'viruses', 'grow', 'cultures', 'various', 'types', 'tissue']"
1,"['discovery', 'ability', 'poliomyelitis', 'viruses', 'grow', 'cultures', 'various', 'types', 'tissue']"
1,"['discovery', 'ability', 'poliomyelitis', 'viruses', 'grow', 'cultures', 'various', 'types', 'tissue']"
14,"['research', 'nature', 'chemical', 'bond', 'application', 'elucidation', 'structure', 'complex', 'substances']"
14,"['research', 'nature', 'chemical', 'bond', 'application', 'elucidation', 'structure', 'complex', 'substances']"
0,"['fundamental', 'research', 'quantum', 'mechanics', 'especially', 'statistical', 'interpretation', 'wavefunction']"
0,"['coincidence', 'method', 'discoveries', 'made', 'therewith']"
3,"['mastery', 'art', 'narrative', 'recently', 'demonstrated', 'IThe', 'Old', 'Man', 'SeaI', 'influence', 'exerted', 'contemporary', 'style']"
2,"['efforts', 'heal', 'wounds', 'war', 'providing', 'help', 'protection', 'refugees', 'world']"
2,"['efforts', 'heal', 'wounds', 'war', 'providing', 'help', 'protection', 'refugees', 'world']"
3,"['vivid', 'epic', 'power', 'renewed', 'great', 'narrative', 'art', 'Iceland']"
0,"['precision', 'determination', 'magnetic', 'moment', 'electron']"
0,"['discoveries', 'concerning', 'fine', 'structure', 'hydrogen', 'spectrum']"
1,"['discoveries', 'concerning', 'nature', 'mode', 'action', 'oxidation', 'enzymes']"
14,"['work', 'biochemically', 'important', 'sulphur', 'compounds', 'especially', 'first', 'synthesis', 'polypeptide', 'hormone']"
1,"['discoveries', 'concerning', 'heart', 'catheterization', 'pathological', 'changes', 'circulatory', 'system']"
1,"['discoveries', 'concerning', 'heart', 'catheterization', 'pathological', 'changes', 'circulatory', 'system']"
0,"['researches', 'semiconductors', 'discovery', 'transistor', 'effect']"
14,"['researches', 'mechanism', 'chemical', 'reactions']"
14,"['researches', 'mechanism', 'chemical', 'reactions']"
0,"['researches', 'semiconductors', 'discovery', 'transistor', 'effect']"
0,"['researches', 'semiconductors', 'discovery', 'transistor', 'effect']"
0,"['researches', 'semiconductors', 'discovery', 'transistor', 'effect']"
1,"['discoveries', 'concerning', 'heart', 'catheterization', 'pathological', 'changes', 'circulatory', 'system']"
3,"['lyrical', 'poetry', 'Spanish', 'language', 'constitutes', 'example', 'high', 'spirit', 'artistical', 'purity']"
0,"['penetrating', 'investigation', 'socalled', 'parity', 'laws', 'led', 'important', 'discoveries', 'regarding', 'elementary', 'particles']"
2,"['crucial', 'contribution', 'deployment', 'United', 'Nations', 'Emergency', 'Force', 'wake', 'Suez', 'Crisis']"
14,"['work', 'nucleotides', 'nucleotide', 'coenzymes']"
0,"['penetrating', 'investigation', 'socalled', 'parity', 'laws', 'led', 'important', 'discoveries', 'regarding', 'elementary', 'particles']"
3,"['important', 'literary', 'production', 'clearsighted', 'earnestness', 'illuminates', 'problems', 'human', 'conscience', 'times']"
1,"['discoveries', 'relating', 'synthetic', 'compounds', 'inhibit', 'action', 'certain', 'body', 'substances', 'especially', 'action', 'vascular', 'system', 'skeletal', 'muscles']"
14,"['work', 'structure', 'proteins', 'especially', 'insulin']"
14,"['work', 'structure', 'proteins', 'especially', 'insulin']"
2,"['efforts', 'help', 'refugees', 'leave', 'camps', 'return', 'life', 'freedom', 'dignity']"
1,"['discovery', 'genes', 'act', 'regulating', 'definite', 'chemical', 'events']"
1,"['discoveries', 'concerning', 'genetic', 'recombination', 'organization', 'genetic', 'material', 'bacteria']"
3,"['important', 'achievement', 'contemporary', 'lyrical', 'poetry', 'field', 'great', 'Russian', 'epic', 'tradition']"
0,"['discovery', 'interpretation', 'Cherenkov', 'effect']"
0,"['discovery', 'interpretation', 'Cherenkov', 'effect']"
0,"['discovery', 'interpretation', 'Cherenkov', 'effect']"
1,"['discovery', 'genes', 'act', 'regulating', 'definite', 'chemical', 'events']"
1,"['discovery', 'mechanisms', 'biological', 'synthesis', 'ribonucleic', 'acid', 'deoxyribonucleic', 'acid']"
14,"['discovery', 'development', 'polarographic', 'methods', 'analysis']"
0,"['discovery', 'antiproton']"
0,"['discovery', 'antiproton']"
1,"['discovery', 'mechanisms', 'biological', 'synthesis', 'ribonucleic', 'acid', 'deoxyribonucleic', 'acid']"
2,"['longstanding', 'contribution', 'cause', 'disarmament', 'peace']"
3,"['lyrical', 'poetry', 'classical', 'fire', 'expresses', 'tragic', 'experience', 'life', 'times']"
1,"['discovery', 'acquired', 'immunological', 'tolerance']"
0,"['invention', 'bubble', 'chamber']"
1,"['discovery', 'acquired', 'immunological', 'tolerance']"
3,"['soaring', 'flight', 'evocative', 'imagery', 'poetry', 'visionary', 'fashion', 'reflects', 'conditions', 'time']"
2,"['nonviolent', 'struggle', 'apartheid']"
14,"['method', 'use', 'carbon14', 'age', 'determination', 'archaeology', 'geology', 'geophysics', 'branches', 'science']"
0,"['researches', 'concerning', 'resonance', 'absorption', 'gamma', 'radiation', 'discovery', 'connection', 'effect', 'bears', 'name']"
2,"['developing', 'UN', 'effective', 'constructive', 'international', 'organization', 'capable', 'giving', 'life', 'principles', 'aims', 'expressed', 'UN', 'Charter']"
1,"['discoveries', 'physical', 'mechanism', 'stimulation', 'within', 'cochlea']"
3,"['epic', 'force', 'traced', 'themes', 'depicted', 'human', 'destinies', 'drawn', 'history', 'country']"
14,"['research', 'carbon', 'dioxide', 'assimilation', 'plants']"
0,"['pioneering', 'studies', 'electron', 'scattering', 'atomic', 'nuclei', 'thereby', 'achieved', 'discoveries', 'concerning', 'structure', 'nucleons']"
1,"['discoveries', 'concerning', 'molecular', 'structure', 'nucleic', 'acids', 'significance', 'information', 'transfer', 'living', 'material']"
1,"['discoveries', 'concerning', 'molecular', 'structure', 'nucleic', 'acids', 'significance', 'information', 'transfer', 'living', 'material']"
1,"['discoveries', 'concerning', 'molecular', 'structure', 'nucleic', 'acids', 'significance', 'information', 'transfer', 'living', 'material']"
2,"['fight', 'nuclear', 'arms', 'race', 'East', 'West']"
2,"['fight', 'nuclear', 'arms', 'race', 'East', 'West']"
14,"['studies', 'structures', 'globular', 'proteins']"
14,"['studies', 'structures', 'globular', 'proteins']"
0,"['pioneering', 'theories', 'condensed', 'matter', 'especially', 'liquid', 'helium']"
3,"['realistic', 'imaginative', 'writings', 'combining', 'sympathetic', 'humour', 'keen', 'social', 'perception']"
1,"['discoveries', 'concerning', 'ionic', 'mechanisms', 'involved', 'excitation', 'inhibition', 'peripheral', 'central', 'portions', 'nerve', 'cell', 'membrane']"
1,"['discoveries', 'concerning', 'ionic', 'mechanisms', 'involved', 'excitation', 'inhibition', 'peripheral', 'central', 'portions', 'nerve', 'cell', 'membrane']"
1,"['discoveries', 'concerning', 'ionic', 'mechanisms', 'involved', 'excitation', 'inhibition', 'peripheral', 'central', 'portions', 'nerve', 'cell', 'membrane']"
0,"['discoveries', 'concerning', 'nuclear', 'shell', 'structure']"
0,"['contributions', 'theory', 'atomic', 'nucleus', 'elementary', 'particles', 'particularly', 'discovery', 'application', 'fundamental', 'symmetry', 'principles']"
2,"['promoting', 'principles', 'Geneva', 'Convention', 'cooperation', 'UN']"
2,"['promoting', 'principles', 'Geneva', 'Convention', 'cooperation', 'UN']"
2,"['promoting', 'principles', 'Geneva', 'Convention', 'cooperation', 'UN']"
2,"['promoting', 'principles', 'Geneva', 'Convention', 'cooperation', 'UN']"
3,"['eminent', 'lyrical', 'writing', 'inspired', 'deep', 'feeling', 'Hellenic', 'world', 'culture']"
0,"['discoveries', 'concerning', 'nuclear', 'shell', 'structure']"
14,"['discoveries', 'field', 'chemistry', 'technology', 'high', 'polymers']"
14,"['discoveries', 'field', 'chemistry', 'technology', 'high', 'polymers']"
0,"['fundamental', 'work', 'field', 'quantum', 'electronics', 'led', 'construction', 'oscillators', 'amplifiers', 'based', 'maserlaser', 'principle']"
3,"['work', 'rich', 'ideas', 'filled', 'spirit', 'freedom', 'quest', 'truth', 'exerted', 'farreaching', 'influence', 'age']"
2,"['nonviolent', 'struggle', 'civil', 'rights', 'AfroAmerican', 'population']"
0,"['fundamental', 'work', 'field', 'quantum', 'electronics', 'led', 'construction', 'oscillators', 'amplifiers', 'based', 'maserlaser', 'principle']"
1,"['discoveries', 'concerning', 'mechanism', 'regulation', 'cholesterol', 'fatty', 'acid', 'metabolism']"
0,"['fundamental', 'work', 'field', 'quantum', 'electronics', 'led', 'construction', 'oscillators', 'amplifiers', 'based', 'maserlaser', 'principle']"
1,"['discoveries', 'concerning', 'mechanism', 'regulation', 'cholesterol', 'fatty', 'acid', 'metabolism']"
14,"['determinations', 'Xray', 'techniques', 'structures', 'important', 'biochemical', 'substances']"
14,"['outstanding', 'achievements', 'art', 'organic', 'synthesis']"
1,"['discoveries', 'concerning', 'genetic', 'control', 'enzyme', 'virus', 'synthesis']"
1,"['discoveries', 'concerning', 'genetic', 'control', 'enzyme', 'virus', 'synthesis']"
1,"['discoveries', 'concerning', 'genetic', 'control', 'enzyme', 'virus', 'synthesis']"
2,"['effort', 'enhance', 'solidarity', 'nations', 'reduce', 'difference', 'rich', 'poor', 'states']"
0,"['fundamental', 'work', 'quantum', 'electrodynamics', 'deepploughing', 'consequences', 'physics', 'elementary', 'particles']"
3,"['artistic', 'power', 'integrity', 'epic', 'given', 'expression', 'historic', 'phase', 'life', 'Russian', 'people']"
0,"['fundamental', 'work', 'quantum', 'electrodynamics', 'deepploughing', 'consequences', 'physics', 'elementary', 'particles']"
0,"['fundamental', 'work', 'quantum', 'electrodynamics', 'deepploughing', 'consequences', 'physics', 'elementary', 'particles']"
1,"['discoveries', 'concerning', 'hormonal', 'treatment', 'prostatic', 'cancer']"
3,"['profoundly', 'characteristic', 'narrative', 'art', 'motifs', 'life', 'Jewish', 'people']"
14,"['fundamental', 'work', 'concerning', 'chemical', 'bonds', 'electronic', 'structure', 'molecules', 'molecular', 'orbital', 'method']"
1,"['discovery', 'tumourinducing', 'viruses']"
3,"['outstanding', 'lyrical', 'dramatic', 'writing', 'interprets', 'Israels', 'destiny', 'touching', 'strength']"
0,"['discovery', 'development', 'optical', 'methods', 'studying', 'Hertzian', 'resonances', 'atoms']"
1,"['discoveries', 'concerning', 'primary', 'physiological', 'chemical', 'visual', 'processes', 'eye']"
1,"['discoveries', 'concerning', 'primary', 'physiological', 'chemical', 'visual', 'processes', 'eye']"
14,"['studies', 'extremely', 'fast', 'chemical', 'reactions', 'effected', 'disturbing', 'equilibrium', 'means', 'short', 'pulses', 'energy']"
3,"['vivid', 'literary', 'achievement', 'deeprooted', 'national', 'traits', 'traditions', 'Indian', 'peoples', 'Latin', 'America']"
14,"['studies', 'extremely', 'fast', 'chemical', 'reactions', 'effected', 'disturbing', 'equilibrium', 'means', 'short', 'pulses', 'energy']"
14,"['studies', 'extremely', 'fast', 'chemical', 'reactions', 'effected', 'disturbing', 'equilibrium', 'means', 'short', 'pulses', 'energy']"
1,"['discoveries', 'concerning', 'primary', 'physiological', 'chemical', 'visual', 'processes', 'eye']"
0,"['contributions', 'theory', 'nuclear', 'reactions', 'especially', 'discoveries', 'concerning', 'energy', 'production', 'stars']"
1,"['interpretation', 'genetic', 'code', 'function', 'protein', 'synthesis']"
1,"['interpretation', 'genetic', 'code', 'function', 'protein', 'synthesis']"
14,"['discovery', 'reciprocal', 'relations', 'bearing', 'name', 'fundamental', 'thermodynamics', 'irreversible', 'processes']"
2,"['struggle', 'ensure', 'rights', 'man', 'stipulated', 'UN', 'Declaration']"
1,"['interpretation', 'genetic', 'code', 'function', 'protein', 'synthesis']"
0,"['decisive', 'contributions', 'elementary', 'particle', 'physics', 'particular', 'discovery', 'large', 'number', 'resonance', 'states', 'made', 'possible', 'development', 'technique', 'using', 'hydrogen', 'bubble', 'chamber', 'data', 'analysis']"
3,"['narrative', 'mastery', 'great', 'sensibility', 'expresses', 'essence', 'Japanese', 'mind']"
14,"['contributions', 'development', 'concept', 'conformation', 'application', 'chemistry']"
3,"['writing', 'new', 'forms', 'novel', 'drama', 'destitution', 'modern', 'man', 'acquires', 'elevation']"
5,"['developed', 'applied', 'dynamic', 'models', 'analysis', 'economic', 'processes']"
0,"['contributions', 'discoveries', 'concerning', 'classification', 'elementary', 'particles', 'interactions']"
5,"['developed', 'applied', 'dynamic', 'models', 'analysis', 'economic', 'processes']"
2,"['creating', 'international', 'legislation', 'insuring', 'certain', 'norms', 'working', 'conditions', 'every', 'country']"
1,"['discoveries', 'concerning', 'replication', 'mechanism', 'genetic', 'structure', 'viruses']"
1,"['discoveries', 'concerning', 'replication', 'mechanism', 'genetic', 'structure', 'viruses']"
1,"['discoveries', 'concerning', 'replication', 'mechanism', 'genetic', 'structure', 'viruses']"
14,"['contributions', 'development', 'concept', 'conformation', 'application', 'chemistry']"
0,"['fundamental', 'work', 'discoveries', 'magnetohydrodynamics', 'fruitful', 'applications', 'different', 'parts', 'plasma', 'physics']"
0,"['fundamental', 'work', 'discoveries', 'concerning', 'antiferromagnetism', 'ferrimagnetism', 'led', 'important', 'applications', 'solid', 'state', 'physics']"
2,"['given', 'wellfounded', 'hope', 'green', 'revolution']"
14,"['discovery', 'sugar', 'nucleotides', 'role', 'biosynthesis', 'carbohydrates']"
3,"['ethical', 'force', 'pursued', 'indispensable', 'traditions', 'Russian', 'literature']"
5,"['scientific', 'work', 'developed', 'static', 'dynamic', 'economic', 'theory', 'actively', 'contributed', 'raising', 'level', 'analysis', 'economic', 'science']"
1,"['discoveries', 'concerning', 'humoral', 'transmitters', 'nerve', 'terminals', 'mechanism', 'storage', 'release', 'inactivation']"
1,"['discoveries', 'concerning', 'humoral', 'transmitters', 'nerve', 'terminals', 'mechanism', 'storage', 'release', 'inactivation']"
1,"['discoveries', 'concerning', 'humoral', 'transmitters', 'nerve', 'terminals', 'mechanism', 'storage', 'release', 'inactivation']"
2,"['paving', 'way', 'meaningful', 'dialogue', 'East', 'West']"
0,"['invention', 'development', 'holographic', 'method']"
5,"['empirically', 'founded', 'interpretation', 'economic', 'growth', 'led', 'new', 'deepened', 'insight', 'economic', 'social', 'structure', 'process', 'development']"
14,"['contributions', 'knowledge', 'electronic', 'structure', 'geometry', 'molecules', 'particularly', 'free', 'radicals']"
1,"['discoveries', 'concerning', 'mechanisms', 'action', 'hormones']"
3,"['poetry', 'action', 'elemental', 'force', 'brings', 'alive', 'continents', 'destiny', 'dreams']"
3,"['writing', 'combination', 'broad', 'perspective', 'time', 'sensitive', 'skill', 'characterization', 'contributed', 'renewal', 'German', 'literature']"
1,"['discoveries', 'concerning', 'chemical', 'structure', 'antibodies']"
0,"['jointly', 'developed', 'theory', 'superconductivity', 'usually', 'called', 'BCStheory']"
14,"['contribution', 'understanding', 'connection', 'chemical', 'structure', 'catalytic', 'activity', 'active', 'centre', 'ribonuclease', 'molecule']"
14,"['work', 'ribonuclease', 'especially', 'concerning', 'connection', 'amino', 'acid', 'sequence', 'biologically', 'active', 'conformation']"
14,"['contribution', 'understanding', 'connection', 'chemical', 'structure', 'catalytic', 'activity', 'active', 'centre', 'ribonuclease', 'molecule']"
0,"['jointly', 'developed', 'theory', 'superconductivity', 'usually', 'called', 'BCStheory']"
0,"['jointly', 'developed', 'theory', 'superconductivity', 'usually', 'called', 'BCStheory']"
5,"['pioneering', 'contributions', 'general', 'economic', 'equilibrium', 'theory', 'welfare', 'theory']"
5,"['pioneering', 'contributions', 'general', 'economic', 'equilibrium', 'theory', 'welfare', 'theory']"
0,"['jointly', 'developed', 'theory', 'superconductivity', 'usually', 'called', 'BCStheory']"
1,"['discoveries', 'concerning', 'chemical', 'structure', 'antibodies']"
0,"['theoretical', 'predictions', 'properties', 'supercurrent', 'tunnel', 'barrier', 'particular', 'phenomena', 'generally', 'known', 'Josephson', 'effects']"
14,"['pioneering', 'work', 'performed', 'independently', 'chemistry', 'organometallic', 'called', 'sandwich', 'compounds']"
14,"['pioneering', 'work', 'performed', 'independently', 'chemistry', 'organometallic', 'called', 'sandwich', 'compounds']"
2,"['jointly', 'negotiated', 'cease', 'fire', 'Vietnam', '1973']"
5,"['development', 'inputoutput', 'method', 'application', 'important', 'economic', 'problems']"
1,"['discoveries', 'concerning', 'organization', 'elicitation', 'individual', 'social', 'behaviour', 'patterns']"
0,"['experimental', 'discoveries', 'regarding', 'tunneling', 'phenomena', 'semiconductors', 'superconductors', 'respectively']"
0,"['experimental', 'discoveries', 'regarding', 'tunneling', 'phenomena', 'semiconductors', 'superconductors', 'respectively']"
1,"['discoveries', 'concerning', 'organization', 'elicitation', 'individual', 'social', 'behaviour', 'patterns']"
3,"['epic', 'psychological', 'narrative', 'art', 'introduced', 'new', 'continent', 'literature']"
2,"['jointly', 'negotiated', 'cease', 'fire', 'Vietnam', '1973']"
1,"['discoveries', 'concerning', 'organization', 'elicitation', 'individual', 'social', 'behaviour', 'patterns']"
14,"['fundamental', 'achievements', 'theoretical', 'experimental', 'physical', 'chemistry', 'macromolecules']"
3,"['narrative', 'art', 'farseeing', 'lands', 'ages', 'service', 'freedom']"
5,"['pioneering', 'work', 'theory', 'money', 'economic', 'fluctuations', 'penetrating', 'analysis', 'interdependence', 'economic', 'social', 'institutional', 'phenomena']"
3,"['writings', 'catch', 'dewdrop', 'reflect', 'cosmos']"
1,"['discoveries', 'concerning', 'structural', 'functional', 'organization', 'cell']"
0,"['pioneering', 'research', 'radio', 'astrophysics', 'Ryle', 'observations', 'inventions', 'particular', 'aperture', 'synthesis', 'technique', 'Hewish', 'decisive', 'role', 'discovery', 'pulsars']"
0,"['pioneering', 'research', 'radio', 'astrophysics', 'Ryle', 'observations', 'inventions', 'particular', 'aperture', 'synthesis', 'technique', 'Hewish', 'decisive', 'role', 'discovery', 'pulsars']"
1,"['discoveries', 'concerning', 'structural', 'functional', 'organization', 'cell']"
2,"['contribution', 'stabilize', 'conditions', 'Pacific', 'rim', 'area', 'signing', 'Nuclear', 'NonProliferation', 'Treaty']"
2,"['efforts', 'secure', 'develop', 'human', 'rights', 'throughout', 'world']"
5,"['pioneering', 'work', 'theory', 'money', 'economic', 'fluctuations', 'penetrating', 'analysis', 'interdependence', 'economic', 'social', 'institutional', 'phenomena']"
1,"['discoveries', 'concerning', 'structural', 'functional', 'organization', 'cell']"
14,"['work', 'stereochemistry', 'enzymecatalyzed', 'reactions']"
14,"['research', 'stereochemistry', 'organic', 'molecules', 'reactions']"
1,"['discoveries', 'concerning', 'interaction', 'tumour', 'viruses', 'genetic', 'material', 'cell']"
0,"['discovery', 'connection', 'collective', 'motion', 'particle', 'motion', 'atomic', 'nuclei', 'development', 'theory', 'structure', 'atomic', 'nucleus', 'based', 'connection']"
0,"['discovery', 'connection', 'collective', 'motion', 'particle', 'motion', 'atomic', 'nuclei', 'development', 'theory', 'structure', 'atomic', 'nucleus', 'based', 'connection']"
0,"['discovery', 'connection', 'collective', 'motion', 'particle', 'motion', 'atomic', 'nuclei', 'development', 'theory', 'structure', 'atomic', 'nucleus', 'based', 'connection']"
5,"['contributions', 'theory', 'optimum', 'allocation', 'resources']"
5,"['contributions', 'theory', 'optimum', 'allocation', 'resources']"
3,"['distinctive', 'poetry', 'great', 'artistic', 'sensitivity', 'interpreted', 'human', 'values', 'sign', 'outlook', 'life', 'illusions']"
1,"['discoveries', 'concerning', 'interaction', 'tumour', 'viruses', 'genetic', 'material', 'cell']"
1,"['discoveries', 'concerning', 'interaction', 'tumour', 'viruses', 'genetic', 'material', 'cell']"
2,"['struggle', 'human', 'rights', 'Soviet', 'Union', 'disarmament', 'cooperation', 'nations']"
5,"['achievements', 'fields', 'consumption', 'analysis', 'monetary', 'history', 'theory', 'demonstration', 'complexity', 'stabilization', 'policy']"
14,"['studies', 'structure', 'boranes', 'illuminating', 'problems', 'chemical', 'bonding']"
2,"['courageous', 'efforts', 'founding', 'movement', 'put', 'end', 'violent', 'conflict', 'Northern', 'Ireland']"
0,"['pioneering', 'work', 'discovery', 'heavy', 'elementary', 'particle', 'new', 'kind']"
0,"['pioneering', 'work', 'discovery', 'heavy', 'elementary', 'particle', 'new', 'kind']"
1,"['discoveries', 'concerning', 'new', 'mechanisms', 'origin', 'dissemination', 'infectious', 'diseases']"
1,"['discoveries', 'concerning', 'new', 'mechanisms', 'origin', 'dissemination', 'infectious', 'diseases']"
2,"['courageous', 'efforts', 'founding', 'movement', 'put', 'end', 'violent', 'conflict', 'Northern', 'Ireland']"
3,"['human', 'understanding', 'subtle', 'analysis', 'contemporary', 'culture', 'combined', 'work']"
0,"['fundamental', 'theoretical', 'investigations', 'electronic', 'structure', 'magnetic', 'disordered', 'systems']"
5,"['pathbreaking', 'contribution', 'theory', 'international', 'trade', 'international', 'capital', 'movements']"
5,"['pathbreaking', 'contribution', 'theory', 'international', 'trade', 'international', 'capital', 'movements']"
0,"['fundamental', 'theoretical', 'investigations', 'electronic', 'structure', 'magnetic', 'disordered', 'systems']"
0,"['fundamental', 'theoretical', 'investigations', 'electronic', 'structure', 'magnetic', 'disordered', 'systems']"
1,"['discoveries', 'concerning', 'peptide', 'hormone', 'production', 'brain']"
1,"['development', 'radioimmunoassays', 'peptide', 'hormones']"
14,"['contributions', 'nonequilibrium', 'thermodynamics', 'particularly', 'theory', 'dissipative', 'structures']"
1,"['discoveries', 'concerning', 'peptide', 'hormone', 'production', 'brain']"
2,"['worldwide', 'respect', 'human', 'rights']"
3,"['creative', 'poetic', 'writing', 'illuminates', 'mans', 'condition', 'cosmos', 'presentday', 'society', 'time', 'representing', 'great', 'renewal', 'traditions', 'Spanish', 'poetry', 'wars']"
2,"['jointly', 'negotiated', 'peace', 'Egypt', 'Israel', '1978']"
2,"['jointly', 'negotiated', 'peace', 'Egypt', 'Israel', '1978']"
0,"['discovery', 'cosmic', 'microwave', 'background', 'radiation']"
1,"['discovery', 'restriction', 'enzymes', 'application', 'problems', 'molecular', 'genetics']"
1,"['discovery', 'restriction', 'enzymes', 'application', 'problems', 'molecular', 'genetics']"
1,"['discovery', 'restriction', 'enzymes', 'application', 'problems', 'molecular', 'genetics']"
0,"['discovery', 'cosmic', 'microwave', 'background', 'radiation']"
3,"['impassioned', 'narrative', 'art', 'roots', 'PolishJewish', 'cultural', 'tradition', 'brings', 'universal', 'human', 'conditions', 'life']"
5,"['pioneering', 'research', 'decisionmaking', 'process', 'within', 'economic', 'organizations']"
0,"['basic', 'inventions', 'discoveries', 'area', 'lowtemperature', 'physics']"
14,"['contribution', 'understanding', 'biological', 'energy', 'transfer', 'formulation', 'chemiosmotic', 'theory']"
14,"['development', 'use', 'boron', 'phosphoruscontaining', 'compounds', 'respectively', 'important', 'reagents', 'organic', 'synthesis']"
5,"['pioneering', 'research', 'economic', 'development', 'research', 'particular', 'consideration', 'problems', 'developing', 'countries']"
5,"['pioneering', 'research', 'economic', 'development', 'research', 'particular', 'consideration', 'problems', 'developing', 'countries']"
2,"['work', 'bringing', 'help', 'suffering', 'humanity']"
14,"['development', 'use', 'boron', 'phosphoruscontaining', 'compounds', 'respectively', 'important', 'reagents', 'organic', 'synthesis']"
0,"['contributions', 'theory', 'unified', 'weak', 'electromagnetic', 'interaction', 'elementary', 'particles', 'including', 'inter', 'alia', 'prediction', 'weak', 'neutral', 'current']"
0,"['contributions', 'theory', 'unified', 'weak', 'electromagnetic', 'interaction', 'elementary', 'particles', 'including', 'inter', 'alia', 'prediction', 'weak', 'neutral', 'current']"
1,"['development', 'computer', 'assisted', 'tomography']"
1,"['development', 'computer', 'assisted', 'tomography']"
3,"['poetry', 'background', 'Greek', 'tradition', 'depicts', 'sensuous', 'strength', 'intellectual', 'clearsightedness', 'modern', 'mans', 'struggle', 'freedom', 'creativeness']"
0,"['contributions', 'theory', 'unified', 'weak', 'electromagnetic', 'interaction', 'elementary', 'particles', 'including', 'inter', 'alia', 'prediction', 'weak', 'neutral', 'current']"
14,"['contributions', 'concerning', 'determination', 'base', 'sequences', 'nucleic', 'acids']"
14,"['contributions', 'concerning', 'determination', 'base', 'sequences', 'nucleic', 'acids']"
1,"['discoveries', 'concerning', 'genetically', 'determined', 'structures', 'cell', 'surface', 'regulate', 'immunological', 'reactions']"
1,"['discoveries', 'concerning', 'genetically', 'determined', 'structures', 'cell', 'surface', 'regulate', 'immunological', 'reactions']"
5,"['creation', 'econometric', 'models', 'application', 'analysis', 'economic', 'fluctuations', 'economic', 'policies']"
14,"['fundamental', 'studies', 'biochemistry', 'nucleic', 'acids', 'particular', 'regard', 'recombinantDNA']"
2,"['source', 'inspiration', 'repressed', 'people', 'especially', 'Latin', 'America']"
14,"['contributions', 'concerning', 'determination', 'base', 'sequences', 'nucleic', 'acids']"
0,"['discovery', 'violations', 'fundamental', 'symmetry', 'principles', 'decay', 'neutral', 'Kmesons']"
0,"['discovery', 'violations', 'fundamental', 'symmetry', 'principles', 'decay', 'neutral', 'Kmesons']"
3,"['uncompromising', 'clearsightedness', 'voices', 'mans', 'exposed', 'condition', 'world', 'severe', 'conflicts']"
1,"['discoveries', 'concerning', 'genetically', 'determined', 'structures', 'cell', 'surface', 'regulate', 'immunological', 'reactions']"
5,"['analysis', 'financial', 'markets', 'relations', 'expenditure', 'decisions', 'employment', 'production', 'prices']"
3,"['writings', 'marked', 'broad', 'outlook', 'wealth', 'ideas', 'artistic', 'power']"
1,"['discoveries', 'concerning', 'information', 'processing', 'visual', 'system']"
0,"['contribution', 'development', 'laser', 'spectroscopy']"
2,"['promoting', 'fundamental', 'rights', 'refugees']"
2,"['promoting', 'fundamental', 'rights', 'refugees']"
1,"['discoveries', 'concerning', 'functional', 'specialization', 'cerebral', 'hemispheres']"
14,"['theories', 'developed', 'independently', 'concerning', 'course', 'chemical', 'reactions']"
14,"['theories', 'developed', 'independently', 'concerning', 'course', 'chemical', 'reactions']"
1,"['discoveries', 'concerning', 'information', 'processing', 'visual', 'system']"
0,"['contribution', 'development', 'laser', 'spectroscopy']"
0,"['contribution', 'development', 'highresolution', 'electron', 'spectroscopy']"
5,"['seminal', 'studies', 'industrial', 'structures', 'functioning', 'markets', 'causes', 'effects', 'public', 'regulation']"
2,"['work', 'disarmament', 'nuclear', 'weaponfree', 'zones']"
3,"['novels', 'short', 'stories', 'fantastic', 'realistic', 'combined', 'richly', 'composed', 'world', 'imagination', 'reflecting', 'continents', 'life', 'conflicts']"
1,"['discoveries', 'concerning', 'prostaglandins', 'related', 'biologically', 'active', 'substances']"
14,"['development', 'crystallographic', 'electron', 'microscopy', 'structural', 'elucidation', 'biologically', 'important', 'nucleic', 'acidprotein', 'complexes']"
1,"['discoveries', 'concerning', 'prostaglandins', 'related', 'biologically', 'active', 'substances']"
0,"['theory', 'critical', 'phenomena', 'connection', 'phase', 'transitions']"
2,"['work', 'disarmament', 'nuclear', 'weaponfree', 'zones']"
1,"['discoveries', 'concerning', 'prostaglandins', 'related', 'biologically', 'active', 'substances']"
2,"['nonviolent', 'struggle', 'free', 'trade', 'unions', 'human', 'rights', 'Poland']"
14,"['work', 'mechanisms', 'electron', 'transfer', 'reactions', 'especially', 'metal', 'complexes']"
1,"['discovery', 'mobile', 'genetic', 'elements']"
5,"['incorporated', 'new', 'analytical', 'methods', 'economic', 'theory', 'rigorous', 'reformulation', 'theory', 'general', 'equilibrium']"
3,"['novels', 'perspicuity', 'realistic', 'narrative', 'art', 'diversity', 'universality', 'myth', 'illuminate', 'human', 'condition', 'world', 'today']"
0,"['theoretical', 'experimental', 'studies', 'nuclear', 'reactions', 'importance', 'formation', 'chemical', 'elements', 'universe']"
0,"['theoretical', 'studies', 'physical', 'processes', 'importance', 'structure', 'evolution', 'stars']"
1,"['theories', 'concerning', 'specificity', 'development', 'control', 'immune', 'system', 'discovery', 'principle', 'production', 'monoclonal', 'antibodies']"
1,"['theories', 'concerning', 'specificity', 'development', 'control', 'immune', 'system', 'discovery', 'principle', 'production', 'monoclonal', 'antibodies']"
1,"['theories', 'concerning', 'specificity', 'development', 'control', 'immune', 'system', 'discovery', 'principle', 'production', 'monoclonal', 'antibodies']"
3,"['poetry', 'endowed', 'freshness', 'sensuality', 'rich', 'inventiveness', 'provides', 'liberating', 'image', 'indomitable', 'spirit', 'versatility', 'man']"
2,"['role', 'unifying', 'leader', 'figure', 'nonviolent', 'campaign', 'resolve', 'problem', 'apartheid', 'South', 'Africa']"
14,"['development', 'methodology', 'chemical', 'synthesis', 'solid', 'matrix']"
0,"['decisive', 'contributions', 'large', 'project', 'led', 'discovery', 'field', 'particles', 'W', 'Z', 'communicators', 'weak', 'interaction']"
0,"['decisive', 'contributions', 'large', 'project', 'led', 'discovery', 'field', 'particles', 'W', 'Z', 'communicators', 'weak', 'interaction']"
5,"['made', 'fundamental', 'contributions', 'development', 'systems', 'national', 'accounts', 'hence', 'greatly', 'improved', 'basis', 'empirical', 'economic', 'analysis']"
2,"['spreading', 'authoritative', 'information', 'creating', 'awareness', 'catastrophic', 'consequences', 'nuclear', 'war']"
0,"['discovery', 'quantized', 'Hall', 'effect']"
1,"['discoveries', 'concerning', 'regulation', 'cholesterol', 'metabolism']"
1,"['discoveries', 'concerning', 'regulation', 'cholesterol', 'metabolism']"
14,"['outstanding', 'achievements', 'development', 'direct', 'methods', 'determination', 'crystal', 'structures']"
14,"['outstanding', 'achievements', 'development', 'direct', 'methods', 'determination', 'crystal', 'structures']"
3,"['novel', 'combines', 'poets', 'painters', 'creativeness', 'deepened', 'awareness', 'time', 'depiction', 'human', 'condition']"
5,"['pioneering', 'analyses', 'saving', 'financial', 'markets']"
14,"['contributions', 'concerning', 'dynamics', 'chemical', 'elementary', 'processes']"
14,"['contributions', 'concerning', 'dynamics', 'chemical', 'elementary', 'processes']"
0,"['design', 'scanning', 'tunneling', 'microscope']"
0,"['design', 'scanning', 'tunneling', 'microscope']"
0,"['fundamental', 'work', 'electron', 'optics', 'design', 'first', 'electron', 'microscope']"
14,"['contributions', 'concerning', 'dynamics', 'chemical', 'elementary', 'processes']"
1,"['discoveries', 'growth', 'factors']"
1,"['discoveries', 'growth', 'factors']"
2,"['messenger', 'mankind', 'message', 'one', 'peace', 'atonement', 'dignity']"
3,"['wide', 'cultural', 'perspective', 'poetic', 'overtones', 'fashions', 'drama', 'existence']"
5,"['development', 'contractual', 'constitutional', 'bases', 'theory', 'economic', 'political', 'decisionmaking']"
14,"['development', 'use', 'molecules', 'structurespecific', 'interactions', 'high', 'selectivity']"
3,"['allembracing', 'authorship', 'imbued', 'clarity', 'thought', 'poetic', 'intensity']"
0,"['important', 'breakthrough', 'discovery', 'superconductivity', 'ceramic', 'materials']"
14,"['development', 'use', 'molecules', 'structurespecific', 'interactions', 'high', 'selectivity']"
0,"['important', 'breakthrough', 'discovery', 'superconductivity', 'ceramic', 'materials']"
1,"['discovery', 'genetic', 'principle', 'generation', 'antibody', 'diversity']"
5,"['contributions', 'theory', 'economic', 'growth']"
2,"['work', 'lasting', 'peace', 'Central', 'America']"
14,"['development', 'use', 'molecules', 'structurespecific', 'interactions', 'high', 'selectivity']"
2,"['preventing', 'armed', 'clashes', 'creating', 'conditions', 'negotiations']"
0,"['neutrino', 'beam', 'method', 'demonstration', 'doublet', 'structure', 'leptons', 'discovery', 'muon', 'neutrino']"
0,"['neutrino', 'beam', 'method', 'demonstration', 'doublet', 'structure', 'leptons', 'discovery', 'muon', 'neutrino']"
0,"['neutrino', 'beam', 'method', 'demonstration', 'doublet', 'structure', 'leptons', 'discovery', 'muon', 'neutrino']"
1,"['discoveries', 'important', 'principles', 'drug', 'treatment']"
14,"['determination', 'threedimensional', 'structure', 'photosynthetic', 'reaction', 'centre']"
14,"['determination', 'threedimensional', 'structure', 'photosynthetic', 'reaction', 'centre']"
14,"['determination', 'threedimensional', 'structure', 'photosynthetic', 'reaction', 'centre']"
3,"['works', 'rich', 'nuance', 'clearsightedly', 'realistic', 'evocatively', 'ambiguous', 'formed', 'Arabian', 'narrative', 'art', 'applies', 'mankind']"
1,"['discoveries', 'important', 'principles', 'drug', 'treatment']"
1,"['discoveries', 'important', 'principles', 'drug', 'treatment']"
5,"['pioneering', 'contributions', 'theory', 'markets', 'efficient', 'utilization', 'resources']"
14,"['discovery', 'catalytic', 'properties', 'RNA']"
14,"['discovery', 'catalytic', 'properties', 'RNA']"
0,"['development', 'ion', 'trap', 'technique']"
0,"['invention', 'separated', 'oscillatory', 'fields', 'method', 'use', 'hydrogen', 'maser', 'atomic', 'clocks']"
1,"['discovery', 'cellular', 'origin', 'retroviral', 'oncogenes']"
0,"['development', 'ion', 'trap', 'technique']"
5,"['clarification', 'probability', 'theory', 'foundations', 'econometrics', 'analyses', 'simultaneous', 'economic', 'structures']"
3,"['rich', 'intensive', 'prose', 'restrained', 'compassion', 'forms', 'challenging', 'vision', 'mans', 'vulnerability']"
2,"['advocating', 'peaceful', 'solutions', 'based', 'upon', 'tolerance', 'mutual', 'respect', 'order', 'preserve', 'historical', 'cultural', 'heritage', 'people']"
1,"['discovery', 'cellular', 'origin', 'retroviral', 'oncogenes']"
3,"['impassioned', 'writing', 'wide', 'horizons', 'characterized', 'sensuous', 'intelligence', 'humanistic', 'integrity']"
0,"['pioneering', 'investigations', 'concerning', 'deep', 'inelastic', 'scattering', 'electrons', 'protons', 'bound', 'neutrons', 'essential', 'importance', 'development', 'quark', 'model', 'particle', 'physics']"
0,"['pioneering', 'investigations', 'concerning', 'deep', 'inelastic', 'scattering', 'electrons', 'protons', 'bound', 'neutrons', 'essential', 'importance', 'development', 'quark', 'model', 'particle', 'physics']"
0,"['pioneering', 'investigations', 'concerning', 'deep', 'inelastic', 'scattering', 'electrons', 'protons', 'bound', 'neutrons', 'essential', 'importance', 'development', 'quark', 'model', 'particle', 'physics']"
5,"['pioneering', 'work', 'theory', 'financial', 'economics']"
5,"['pioneering', 'work', 'theory', 'financial', 'economics']"
1,"['discoveries', 'concerning', 'organ', 'cell', 'transplantation', 'treatment', 'human', 'disease']"
2,"['leading', 'role', 'played', 'radical', 'changes', 'EastWest', 'relations']"
1,"['discoveries', 'concerning', 'organ', 'cell', 'transplantation', 'treatment', 'human', 'disease']"
5,"['pioneering', 'work', 'theory', 'financial', 'economics']"
14,"['development', 'theory', 'methodology', 'organic', 'synthesis']"
5,"['discovery', 'clarification', 'significance', 'transaction', 'costs', 'property', 'rights', 'institutional', 'structure', 'functioning', 'economy']"
3,"['magnificent', 'epic', 'writing', 'words', 'Alfred', 'Nobel', 'great', 'benefit', 'humanity']"
1,"['discoveries', 'concerning', 'function', 'single', 'ion', 'channels', 'cells']"
0,"['discovering', 'methods', 'developed', 'studying', 'order', 'phenomena', 'simple', 'systems', 'generalized', 'complex', 'forms', 'matter', 'particular', 'liquid', 'crystals', 'polymers']"
2,"['nonviolent', 'struggle', 'democracy', 'human', 'rights']"
1,"['discoveries', 'concerning', 'function', 'single', 'ion', 'channels', 'cells']"
14,"['contributions', 'development', 'methodology', 'high', 'resolution', 'nuclear', 'magnetic', 'resonance', 'NMR', 'spectroscopy']"
3,"['poetic', 'oeuvre', 'great', 'luminosity', 'sustained', 'historical', 'vision', 'outcome', 'multicultural', 'commitment']"
1,"['discoveries', 'concerning', 'reversible', 'protein', 'phosphorylation', 'biological', 'regulatory', 'mechanism']"
14,"['contributions', 'theory', 'electron', 'transfer', 'reactions', 'chemical', 'systems']"
5,"['extended', 'domain', 'microeconomic', 'analysis', 'wide', 'range', 'human', 'behaviour', 'interaction', 'including', 'nonmarket', 'behaviour']"
2,"['struggle', 'social', 'justice', 'ethnocultural', 'reconciliation', 'based', 'respect', 'rights', 'indigenous', 'peoples']"
0,"['invention', 'development', 'particle', 'detectors', 'particular', 'multiwire', 'proportional', 'chamber']"
1,"['discoveries', 'concerning', 'reversible', 'protein', 'phosphorylation', 'biological', 'regulatory', 'mechanism']"
0,"['discovery', 'new', 'type', 'pulsar', 'discovery', 'opened', 'new', 'possibilities', 'study', 'gravitation']"
0,"['discovery', 'new', 'type', 'pulsar', 'discovery', 'opened', 'new', 'possibilities', 'study', 'gravitation']"
3,"['novels', 'characterized', 'visionary', 'force', 'poetic', 'import', 'gives', 'life', 'essential', 'aspect', 'American', 'reality']"
5,"['renewed', 'research', 'economic', 'history', 'applying', 'economic', 'theory', 'quantitative', 'methods', 'order', 'explain', 'economic', 'institutional', 'change']"
14,"['fundamental', 'contributions', 'establishment', 'oligonucleotidebased', 'sitedirected', 'mutagenesis', 'development', 'protein', 'studies']"
1,"['discoveries', 'split', 'genes']"
1,"['discoveries', 'split', 'genes']"
14,"['invention', 'polymerase', 'chain', 'reaction', 'PCR', 'method']"
2,"['work', 'peaceful', 'termination', 'apartheid', 'regime', 'laying', 'foundations', 'new', 'democratic', 'South', 'Africa']"
5,"['renewed', 'research', 'economic', 'history', 'applying', 'economic', 'theory', 'quantitative', 'methods', 'order', 'explain', 'economic', 'institutional', 'change']"
2,"['work', 'peaceful', 'termination', 'apartheid', 'regime', 'laying', 'foundations', 'new', 'democratic', 'South', 'Africa']"
1,"['discovery', 'Gproteins', 'role', 'proteins', 'signal', 'transduction', 'cells']"
1,"['discovery', 'Gproteins', 'role', 'proteins', 'signal', 'transduction', 'cells']"
14,"['contribution', 'carbocation', 'chemistry']"
0,"['development', 'neutron', 'spectroscopy']"
0,"['development', 'neutron', 'diffraction', 'technique']"
3,"['poetic', 'force', 'creates', 'imagined', 'world', 'life', 'myth', 'condense', 'form', 'disconcerting', 'picture', 'human', 'predicament', 'today']"
2,"['efforts', 'create', 'peace', 'Middle', 'East']"
2,"['efforts', 'create', 'peace', 'Middle', 'East']"
2,"['efforts', 'create', 'peace', 'Middle', 'East']"
5,"['pioneering', 'analysis', 'equilibria', 'theory', 'noncooperative', 'games']"
5,"['pioneering', 'analysis', 'equilibria', 'theory', 'noncooperative', 'games']"
5,"['pioneering', 'analysis', 'equilibria', 'theory', 'noncooperative', 'games']"
0,"['detection', 'neutrino']"
1,"['discoveries', 'concerning', 'genetic', 'control', 'early', 'embryonic', 'development']"
14,"['work', 'atmospheric', 'chemistry', 'particularly', 'concerning', 'formation', 'decomposition', 'ozone']"
14,"['work', 'atmospheric', 'chemistry', 'particularly', 'concerning', 'formation', 'decomposition', 'ozone']"
5,"['developed', 'applied', 'hypothesis', 'rational', 'expectations', 'thereby', 'transformed', 'macroeconomic', 'analysis', 'deepened', 'understanding', 'economic', 'policy']"
3,"['works', 'lyrical', 'beauty', 'ethical', 'depth', 'exalt', 'everyday', 'miracles', 'living', 'past']"
14,"['work', 'atmospheric', 'chemistry', 'particularly', 'concerning', 'formation', 'decomposition', 'ozone']"
1,"['discoveries', 'concerning', 'genetic', 'control', 'early', 'embryonic', 'development']"
2,"['efforts', 'diminish', 'part', 'played', 'nuclear', 'arms', 'international', 'politics', 'longer', 'run', 'eliminate', 'arms']"
2,"['efforts', 'diminish', 'part', 'played', 'nuclear', 'arms', 'international', 'politics', 'longer', 'run', 'eliminate', 'arms']"
0,"['discovery', 'tau', 'lepton']"
1,"['discoveries', 'concerning', 'genetic', 'control', 'early', 'embryonic', 'development']"
0,"['discovery', 'superfluidity', 'helium3']"
0,"['discovery', 'superfluidity', 'helium3']"
0,"['discovery', 'superfluidity', 'helium3']"
1,"['discoveries', 'concerning', 'specificity', 'cell', 'mediated', 'immune', 'defence']"
1,"['discoveries', 'concerning', 'specificity', 'cell', 'mediated', 'immune', 'defence']"
14,"['discovery', 'fullerenes']"
3,"['poetry', 'ironic', 'precision', 'allows', 'historical', 'biological', 'context', 'come', 'light', 'fragments', 'human', 'reality']"
2,"['work', 'towards', 'peaceful', 'solution', 'conflict', 'East', 'Timor']"
2,"['work', 'towards', 'peaceful', 'solution', 'conflict', 'East', 'Timor']"
14,"['discovery', 'fullerenes']"
5,"['fundamental', 'contributions', 'economic', 'theory', 'incentives', 'asymmetric', 'information']"
14,"['discovery', 'fullerenes']"
5,"['fundamental', 'contributions', 'economic', 'theory', 'incentives', 'asymmetric', 'information']"
3,"['emulates', 'jesters', 'Middle', 'Ages', 'scourging', 'authority', 'upholding', 'dignity', 'downtrodden']"
14,"['elucidation', 'enzymatic', 'mechanism', 'underlying', 'synthesis', 'adenosine', 'triphosphate', 'ATP']"
14,"['first', 'discovery', 'iontransporting', 'enzyme', 'Na', 'K', 'ATPase']"
5,"['new', 'method', 'determine', 'value', 'derivatives']"
1,"['discovery', 'Prions', 'new', 'biological', 'principle', 'infection']"
0,"['development', 'methods', 'cool', 'trap', 'atoms', 'laser', 'light']"
5,"['new', 'method', 'determine', 'value', 'derivatives']"
0,"['development', 'methods', 'cool', 'trap', 'atoms', 'laser', 'light']"
0,"['development', 'methods', 'cool', 'trap', 'atoms', 'laser', 'light']"
2,"['work', 'banning', 'clearing', 'antipersonnel', 'mines']"
2,"['work', 'banning', 'clearing', 'antipersonnel', 'mines']"
14,"['elucidation', 'enzymatic', 'mechanism', 'underlying', 'synthesis', 'adenosine', 'triphosphate', 'ATP']"
5,"['contributions', 'welfare', 'economics']"
0,"['discovery', 'new', 'form', 'quantum', 'fluid', 'fractionally', 'charged', 'excitations']"
3,"['parables', 'sustained', 'imagination', 'compassion', 'irony', 'continually', 'enables', 'us', 'apprehend', 'elusory', 'reality']"
0,"['discovery', 'new', 'form', 'quantum', 'fluid', 'fractionally', 'charged', 'excitations']"
14,"['development', 'densityfunctional', 'theory']"
1,"['discoveries', 'concerning', 'nitric', 'oxide', 'signalling', 'molecule', 'cardiovascular', 'system']"
1,"['discoveries', 'concerning', 'nitric', 'oxide', 'signalling', 'molecule', 'cardiovascular', 'system']"
1,"['discoveries', 'concerning', 'nitric', 'oxide', 'signalling', 'molecule', 'cardiovascular', 'system']"
14,"['development', 'computational', 'methods', 'quantum', 'chemistry']"
2,"['efforts', 'find', 'peaceful', 'solution', 'conflict', 'Northern', 'Ireland']"
2,"['efforts', 'find', 'peaceful', 'solution', 'conflict', 'Northern', 'Ireland']"
0,"['discovery', 'new', 'form', 'quantum', 'fluid', 'fractionally', 'charged', 'excitations']"
3,"['whose', 'frolicsome', 'black', 'fables', 'portray', 'forgotten', 'face', 'history']"
14,"['studies', 'transition', 'states', 'chemical', 'reactions', 'using', 'femtosecond', 'spectroscopy']"
2,"['recognition', 'organisations', 'pioneering', 'humanitarian', 'work', 'several', 'continents']"
0,"['elucidating', 'quantum', 'structure', 'electroweak', 'interactions', 'physics']"
0,"['elucidating', 'quantum', 'structure', 'electroweak', 'interactions', 'physics']"
5,"['analysis', 'monetary', 'fiscal', 'policy', 'different', 'exchange', 'rate', 'regimes', 'analysis', 'optimum', 'currency', 'areas']"
1,"['discovery', 'proteins', 'intrinsic', 'signals', 'govern', 'transport', 'localization', 'cell']"
14,"['discovery', 'development', 'conductive', 'polymers']"
3,"['œuvre', 'universal', 'validity', 'bitter', 'insights', 'linguistic', 'ingenuity', 'opened', 'new', 'paths', 'Chinese', 'novel', 'drama']"
5,"['development', 'theory', 'methods', 'analyzing', 'discrete', 'choice']"
5,"['development', 'theory', 'methods', 'analyzing', 'selective', 'samples']"
14,"['discovery', 'development', 'conductive', 'polymers']"
14,"['discovery', 'development', 'conductive', 'polymers']"
1,"['discoveries', 'concerning', 'signal', 'transduction', 'nervous', 'system']"
0,"['developing', 'semiconductor', 'heterostructures', 'used', 'highspeed', 'optoelectronics']"
0,"['developing', 'semiconductor', 'heterostructures', 'used', 'highspeed', 'optoelectronics']"
2,"['work', 'democracy', 'human', 'rights', 'South', 'Korea', 'East', 'Asia', 'general', 'peace', 'reconciliation', 'North', 'Korea', 'particular']"
1,"['discoveries', 'concerning', 'signal', 'transduction', 'nervous', 'system']"
1,"['discoveries', 'concerning', 'signal', 'transduction', 'nervous', 'system']"
0,"['part', 'invention', 'integrated', 'circuit']"
5,"['analyses', 'markets', 'asymmetric', 'information']"
2,"['work', 'better', 'organized', 'peaceful', 'world']"
2,"['work', 'better', 'organized', 'peaceful', 'world']"
3,"['united', 'perceptive', 'narrative', 'incorruptible', 'scrutiny', 'works', 'compel', 'us', 'see', 'presence', 'suppressed', 'histories']"
5,"['analyses', 'markets', 'asymmetric', 'information']"
5,"['analyses', 'markets', 'asymmetric', 'information']"
14,"['work', 'chirally', 'catalysed', 'oxidation', 'reactions']"
14,"['work', 'chirally', 'catalysed', 'oxidation', 'reactions']"
14,"['work', 'chirally', 'catalysed', 'hydrogenation', 'reactions']"
14,"['work', 'chirally', 'catalysed', 'hydrogenation', 'reactions']"
0,"['achievement', 'BoseEinstein', 'condensation', 'dilute', 'gases', 'alkali', 'atoms', 'early', 'fundamental', 'studies', 'properties', 'condensates']"
0,"['achievement', 'BoseEinstein', 'condensation', 'dilute', 'gases', 'alkali', 'atoms', 'early', 'fundamental', 'studies', 'properties', 'condensates']"
0,"['achievement', 'BoseEinstein', 'condensation', 'dilute', 'gases', 'alkali', 'atoms', 'early', 'fundamental', 'studies', 'properties', 'condensates']"
1,"['discoveries', 'key', 'regulators', 'cell', 'cycle']"
1,"['discoveries', 'key', 'regulators', 'cell', 'cycle']"
1,"['discoveries', 'key', 'regulators', 'cell', 'cycle']"
2,"['decades', 'untiring', 'effort', 'find', 'peaceful', 'solutions', 'international', 'conflicts', 'advance', 'democracy', 'human', 'rights', 'promote', 'economic', 'social', 'development']"
3,"['writing', 'upholds', 'fragile', 'experience', 'individual', 'barbaric', 'arbitrariness', 'history']"
5,"['integrated', 'insights', 'psychological', 'research', 'economic', 'science', 'especially', 'concerning', 'human', 'judgment', 'decisionmaking', 'uncertainty']"
14,"['development', 'nuclear', 'magnetic', 'resonance', 'spectroscopy', 'determining', 'threedimensional', 'structure', 'biological', 'macromolecules', 'solution']"
14,"['development', 'soft', 'desorption', 'ionisation', 'methods', 'mass', 'spectrometric', 'analyses', 'biological', 'macromolecules']"
14,"['development', 'soft', 'desorption', 'ionisation', 'methods', 'mass', 'spectrometric', 'analyses', 'biological', 'macromolecules']"
5,"['established', 'laboratory', 'experiments', 'tool', 'empirical', 'economic', 'analysis', 'especially', 'study', 'alternative', 'market', 'mechanisms']"
0,"['pioneering', 'contributions', 'astrophysics', 'particular', 'detection', 'cosmic', 'neutrinos']"
0,"['pioneering', 'contributions', 'astrophysics', 'particular', 'detection', 'cosmic', 'neutrinos']"
1,"['discoveries', 'concerning', 'genetic', 'regulation', 'organ', 'development', 'programmed', 'cell', 'death']"
1,"['discoveries', 'concerning', 'genetic', 'regulation', 'organ', 'development', 'programmed', 'cell', 'death']"
1,"['discoveries', 'concerning', 'genetic', 'regulation', 'organ', 'development', 'programmed', 'cell', 'death']"
0,"['pioneering', 'contributions', 'astrophysics', 'led', 'discovery', 'cosmic', 'Xray', 'sources']"
2,"['efforts', 'democracy', 'human', 'rights', 'focused', 'especially', 'struggle', 'rights', 'women', 'children']"
5,"['methods', 'analyzing', 'economic', 'time', 'series', 'common', 'trends', 'cointegration']"
5,"['methods', 'analyzing', 'economic', 'time', 'series', 'timevarying', 'volatility', 'ARCH']"
14,"['structural', 'mechanistic', 'studies', 'ion', 'channels']"
14,"['discovery', 'water', 'channels']"
0,"['pioneering', 'contributions', 'theory', 'superconductors', 'superfluids']"
0,"['pioneering', 'contributions', 'theory', 'superconductors', 'superfluids']"
1,"['discoveries', 'concerning', 'magnetic', 'resonance', 'imaging']"
1,"['discoveries', 'concerning', 'magnetic', 'resonance', 'imaging']"
3,"['innumerable', 'guises', 'portrays', 'surprising', 'involvement', 'outsider']"
0,"['pioneering', 'contributions', 'theory', 'superconductors', 'superfluids']"
5,"['contributions', 'dynamic', 'macroeconomics', 'time', 'consistency', 'economic', 'policy', 'driving', 'forces', 'behind', 'business', 'cycles']"
14,"['discovery', 'ubiquitinmediated', 'protein', 'degradation']"
5,"['contributions', 'dynamic', 'macroeconomics', 'time', 'consistency', 'economic', 'policy', 'driving', 'forces', 'behind', 'business', 'cycles']"
2,"['contribution', 'sustainable', 'development', 'democracy', 'peace']"
3,"['musical', 'flow', 'voices', 'countervoices', 'novels', 'plays', 'extraordinary', 'linguistic', 'zeal', 'reveal', 'absurdity', 'societys', 'clicheacutes', 'subjugating', 'power']"
14,"['discovery', 'ubiquitinmediated', 'protein', 'degradation']"
0,"['discovery', 'asymptotic', 'freedom', 'theory', 'strong', 'interaction']"
0,"['discovery', 'asymptotic', 'freedom', 'theory', 'strong', 'interaction']"
0,"['discovery', 'asymptotic', 'freedom', 'theory', 'strong', 'interaction']"
1,"['discoveries', 'odorant', 'receptors', 'organization', 'olfactory', 'system']"
1,"['discoveries', 'odorant', 'receptors', 'organization', 'olfactory', 'system']"
14,"['discovery', 'ubiquitinmediated', 'protein', 'degradation']"
3,"['plays', 'uncovers', 'precipice', 'everyday', 'prattle', 'forces', 'entry', 'oppressions', 'closed', 'rooms']"
5,"['enhanced', 'understanding', 'conflict', 'cooperation', 'gametheory', 'analysis']"
2,"['efforts', 'prevent', 'nuclear', 'energy', 'used', 'military', 'purposes', 'ensure', 'nuclear', 'energy', 'peaceful', 'purposes', 'used', 'safest', 'possible', 'way']"
2,"['efforts', 'prevent', 'nuclear', 'energy', 'used', 'military', 'purposes', 'ensure', 'nuclear', 'energy', 'peaceful', 'purposes', 'used', 'safest', 'possible', 'way']"
14,"['development', 'metathesis', 'method', 'organic', 'synthesis']"
14,"['development', 'metathesis', 'method', 'organic', 'synthesis']"
5,"['enhanced', 'understanding', 'conflict', 'cooperation', 'gametheory', 'analysis']"
0,"['contributions', 'development', 'laserbased', 'precision', 'spectroscopy', 'including', 'optical', 'frequency', 'comb', 'technique']"
0,"['contributions', 'development', 'laserbased', 'precision', 'spectroscopy', 'including', 'optical', 'frequency', 'comb', 'technique']"
0,"['contribution', 'quantum', 'theory', 'optical', 'coherence']"
1,"['discovery', 'bacterium', 'iHelicobacter', 'pylorii', 'role', 'gastritis', 'peptic', 'ulcer', 'disease']"
1,"['discovery', 'bacterium', 'iHelicobacter', 'pylorii', 'role', 'gastritis', 'peptic', 'ulcer', 'disease']"
14,"['development', 'metathesis', 'method', 'organic', 'synthesis']"
2,"['efforts', 'create', 'economic', 'social', 'development']"
2,"['efforts', 'create', 'economic', 'social', 'development']"
3,"['quest', 'melancholic', 'soul', 'native', 'city', 'discovered', 'new', 'symbols', 'clash', 'interlacing', 'cultures']"
5,"['analysis', 'intertemporal', 'tradeoffs', 'macroeconomic', 'policy']"
14,"['studies', 'molecular', 'basis', 'eukaryotic', 'transcription']"
0,"['discovery', 'blackbody', 'form', 'anisotropy', 'cosmic', 'microwave', 'background', 'radiation']"
1,"['discovery', 'RNA', 'interference', 'gene', 'silencing', 'doublestranded', 'RNA']"
1,"['discovery', 'RNA', 'interference', 'gene', 'silencing', 'doublestranded', 'RNA']"
0,"['discovery', 'blackbody', 'form', 'anisotropy', 'cosmic', 'microwave', 'background', 'radiation']"
5,"['laid', 'foundations', 'mechanism', 'design', 'theory']"
5,"['laid', 'foundations', 'mechanism', 'design', 'theory']"
5,"['laid', 'foundations', 'mechanism', 'design', 'theory']"
2,"['efforts', 'build', 'disseminate', 'greater', 'knowledge', 'manmade', 'climate', 'change', 'lay', 'foundations', 'measures', 'needed', 'counteract', 'change']"
2,"['efforts', 'build', 'disseminate', 'greater', 'knowledge', 'manmade', 'climate', 'change', 'lay', 'foundations', 'measures', 'needed', 'counteract', 'change']"
14,"['studies', 'chemical', 'processes', 'solid', 'surfaces']"
3,"['epicist', 'female', 'experience', 'scepticism', 'fire', 'visionary', 'power', 'subjected', 'divided', 'civilisation', 'scrutiny']"
0,"['discovery', 'Giant', 'Magnetoresistance']"
1,"['discoveries', 'principles', 'introducing', 'specific', 'gene', 'modifications', 'mice', 'use', 'embryonic', 'stem', 'cells']"
1,"['discoveries', 'principles', 'introducing', 'specific', 'gene', 'modifications', 'mice', 'use', 'embryonic', 'stem', 'cells']"
1,"['discoveries', 'principles', 'introducing', 'specific', 'gene', 'modifications', 'mice', 'use', 'embryonic', 'stem', 'cells']"
0,"['discovery', 'Giant', 'Magnetoresistance']"
2,"['important', 'efforts', 'several', 'continents', 'three', 'decades', 'resolve', 'international', 'conflicts']"
3,"['author', 'new', 'departures', 'poetic', 'adventure', 'sensual', 'ecstasy', 'explorer', 'humanity', 'beyond', 'reigning', 'civilization']"
14,"['discovery', 'development', 'green', 'fluorescent', 'protein', 'GFP']"
14,"['discovery', 'development', 'green', 'fluorescent', 'protein', 'GFP']"
14,"['discovery', 'development', 'green', 'fluorescent', 'protein', 'GFP']"
0,"['discovery', 'origin', 'broken', 'symmetry', 'predicts', 'existence', 'least', 'three', 'families', 'quarks', 'nature']"
5,"['analysis', 'trade', 'patterns', 'location', 'economic', 'activity']"
0,"['discovery', 'mechanism', 'spontaneous', 'broken', 'symmetry', 'subatomic', 'physics']"
1,"['discovery', 'human', 'immunodeficiency', 'virus']"
1,"['discovery', 'human', 'immunodeficiency', 'virus']"
1,"['discovery', 'human', 'papilloma', 'viruses', 'causing', 'cervical', 'cancer']"
0,"['discovery', 'origin', 'broken', 'symmetry', 'predicts', 'existence', 'least', 'three', 'families', 'quarks', 'nature']"
5,"['analysis', 'economic', 'governance', 'especially', 'boundaries', 'firm']"
5,"['analysis', 'economic', 'governance', 'especially', 'commons']"
2,"['extraordinary', 'efforts', 'strengthen', 'international', 'diplomacy', 'cooperation', 'peoples']"
3,"['concentration', 'poetry', 'frankness', 'prose', 'depicts', 'landscape', 'dispossessed']"
14,"['studies', 'structure', 'function', 'ribosome']"
14,"['studies', 'structure', 'function', 'ribosome']"
14,"['studies', 'structure', 'function', 'ribosome']"
0,"['invention', 'imaging', 'semiconductor', 'circuit', 'CCD', 'sensor']"
0,"['groundbreaking', 'achievements', 'concerning', 'transmission', 'light', 'fibers', 'optical', 'communication']"
1,"['discovery', 'chromosomes', 'protected', 'telomeres', 'enzyme', 'telomerase']"
1,"['discovery', 'chromosomes', 'protected', 'telomeres', 'enzyme', 'telomerase']"
1,"['discovery', 'chromosomes', 'protected', 'telomeres', 'enzyme', 'telomerase']"
0,"['invention', 'imaging', 'semiconductor', 'circuit', 'CCD', 'sensor']"
5,"['analysis', 'markets', 'search', 'frictions']"
3,"['cartography', 'structures', 'power', 'trenchant', 'images', 'individuals', 'resistance', 'revolt', 'defeat']"
5,"['analysis', 'markets', 'search', 'frictions']"
2,"['long', 'nonviolent', 'struggle', 'fundamental', 'human', 'rights', 'China']"
14,"['palladiumcatalyzed', 'cross', 'couplings', 'organic', 'synthesis']"
5,"['analysis', 'markets', 'search', 'frictions']"
14,"['palladiumcatalyzed', 'cross', 'couplings', 'organic', 'synthesis']"
0,"['groundbreaking', 'experiments', 'regarding', 'twodimensional', 'material', 'graphene']"
0,"['groundbreaking', 'experiments', 'regarding', 'twodimensional', 'material', 'graphene']"
1,"['development', 'vitro', 'fertilization']"
14,"['palladiumcatalyzed', 'cross', 'couplings', 'organic', 'synthesis']"
5,"['empirical', 'research', 'cause', 'effect', 'macroeconomy']"
2,"['nonviolent', 'struggle', 'safety', 'women', 'womens', 'rights', 'full', 'participation', 'peacebuilding', 'work']"
2,"['nonviolent', 'struggle', 'safety', 'women', 'womens', 'rights', 'full', 'participation', 'peacebuilding', 'work']"
2,"['nonviolent', 'struggle', 'safety', 'women', 'womens', 'rights', 'full', 'participation', 'peacebuilding', 'work']"
3,"['condensed', 'translucent', 'images', 'gives', 'us', 'fresh', 'access', 'reality']"
14,"['discovery', 'quasicrystals']"
5,"['empirical', 'research', 'cause', 'effect', 'macroeconomy']"
0,"['discovery', 'accelerating', 'expansion', 'Universe', 'observations', 'distant', 'supernovae']"
0,"['discovery', 'accelerating', 'expansion', 'Universe', 'observations', 'distant', 'supernovae']"
1,"['discovery', 'dendritic', 'cell', 'role', 'adaptive', 'immunity']"
1,"['discoveries', 'concerning', 'activation', 'innate', 'immunity']"
1,"['discoveries', 'concerning', 'activation', 'innate', 'immunity']"
0,"['discovery', 'accelerating', 'expansion', 'Universe', 'observations', 'distant', 'supernovae']"
5,"['theory', 'stable', 'allocations', 'practice', 'market', 'design']"
5,"['theory', 'stable', 'allocations', 'practice', 'market', 'design']"
2,"['six', 'decades', 'contributed', 'advancement', 'peace', 'reconciliation', 'democracy', 'human', 'rights', 'Europe']"
3,"['hallucinatory', 'realism', 'merges', 'folk', 'tales', 'history', 'contemporary']"
14,"['studies', 'Gproteincoupled', 'receptors']"
14,"['studies', 'Gproteincoupled', 'receptors']"
0,"['groundbreaking', 'experimental', 'methods', 'enable', 'measuring', 'manipulation', 'individual', 'quantum', 'systems']"
1,"['discovery', 'mature', 'cells', 'reprogrammed', 'become', 'pluripotent']"
1,"['discovery', 'mature', 'cells', 'reprogrammed', 'become', 'pluripotent']"
0,"['groundbreaking', 'experimental', 'methods', 'enable', 'measuring', 'manipulation', 'individual', 'quantum', 'systems']"
5,"['empirical', 'analysis', 'asset', 'prices']"
14,"['development', 'multiscale', 'models', 'complex', 'chemical', 'systems']"
5,"['empirical', 'analysis', 'asset', 'prices']"
5,"['empirical', 'analysis', 'asset', 'prices']"
2,"['extensive', 'efforts', 'eliminate', 'chemical', 'weapons']"
3,"['master', 'contemporary', 'short', 'story']"
14,"['development', 'multiscale', 'models', 'complex', 'chemical', 'systems']"
14,"['development', 'multiscale', 'models', 'complex', 'chemical', 'systems']"
0,"['theoretical', 'discovery', 'mechanism', 'contributes', 'understanding', 'origin', 'mass', 'subatomic', 'particles', 'recently', 'confirmed', 'discovery', 'predicted', 'fundamental', 'particle', 'ATLAS', 'CMS', 'experiments', 'CERNs', 'Large', 'Hadron', 'Collider']"
0,"['theoretical', 'discovery', 'mechanism', 'contributes', 'understanding', 'origin', 'mass', 'subatomic', 'particles', 'recently', 'confirmed', 'discovery', 'predicted', 'fundamental', 'particle', 'ATLAS', 'CMS', 'experiments', 'CERNs', 'Large', 'Hadron', 'Collider']"
1,"['discoveries', 'machinery', 'regulating', 'vesicle', 'traffic', 'major', 'transport', 'system', 'cells']"
1,"['discoveries', 'machinery', 'regulating', 'vesicle', 'traffic', 'major', 'transport', 'system', 'cells']"
1,"['discoveries', 'machinery', 'regulating', 'vesicle', 'traffic', 'major', 'transport', 'system', 'cells']"
5,"['analysis', 'market', 'power', 'regulation']"
2,"['struggle', 'suppression', 'children', 'young', 'people', 'right', 'children', 'education']"
3,"['art', 'memory', 'evoked', 'ungraspable', 'human', 'destinies', 'uncovered', 'lifeworld', 'occupation']"
14,"['development', 'superresolved', 'fluorescence', 'microscopy']"
14,"['development', 'superresolved', 'fluorescence', 'microscopy']"
14,"['development', 'superresolved', 'fluorescence', 'microscopy']"
2,"['struggle', 'suppression', 'children', 'young', 'people', 'right', 'children', 'education']"
0,"['invention', 'efficient', 'blue', 'lightemitting', 'diodes', 'enabled', 'bright', 'energysaving', 'white', 'light', 'sources']"
0,"['invention', 'efficient', 'blue', 'lightemitting', 'diodes', 'enabled', 'bright', 'energysaving', 'white', 'light', 'sources']"
1,"['discoveries', 'cells', 'constitute', 'positioning', 'system', 'brain']"
1,"['discoveries', 'cells', 'constitute', 'positioning', 'system', 'brain']"
1,"['discoveries', 'cells', 'constitute', 'positioning', 'system', 'brain']"
0,"['invention', 'efficient', 'blue', 'lightemitting', 'diodes', 'enabled', 'bright', 'energysaving', 'white', 'light', 'sources']"
5,"['analysis', 'consumption', 'poverty', 'welfare']"
2,"['decisive', 'contribution', 'building', 'pluralistic', 'democracy', 'Tunisia', 'wake', 'Jasmine', 'Revolution', '2011']"
3,"['polyphonic', 'writings', 'monument', 'suffering', 'courage', 'time']"
14,"['mechanistic', 'studies', 'DNA', 'repair']"
14,"['mechanistic', 'studies', 'DNA', 'repair']"
14,"['mechanistic', 'studies', 'DNA', 'repair']"
0,"['discovery', 'neutrino', 'oscillations', 'shows', 'neutrinos', 'mass']"
1,"['discoveries', 'concerning', 'novel', 'therapy', 'Malaria']"
1,"['discoveries', 'concerning', 'novel', 'therapy', 'infections', 'caused', 'roundworm', 'parasites']"
1,"['discoveries', 'concerning', 'novel', 'therapy', 'infections', 'caused', 'roundworm', 'parasites']"
0,"['discovery', 'neutrino', 'oscillations', 'shows', 'neutrinos', 'mass']"
5,"['contributions', 'contract', 'theory']"
14,"['design', 'synthesis', 'molecular', 'machines']"
5,"['contributions', 'contract', 'theory']"
2,"['resolute', 'efforts', 'bring', 'countrys', '50yearlong', 'civil', 'war', 'end']"
14,"['design', 'synthesis', 'molecular', 'machines']"
3,"['created', 'new', 'poetic', 'expressions', 'within', 'great', 'American', 'song', 'tradition']"
0,"['theoretical', 'discoveries', 'topological', 'phase', 'transitions', 'topological', 'phases', 'matter']"
0,"['theoretical', 'discoveries', 'topological', 'phase', 'transitions', 'topological', 'phases', 'matter']"
0,"['theoretical', 'discoveries', 'topological', 'phase', 'transitions', 'topological', 'phases', 'matter']"
1,"['discoveries', 'mechanisms', 'autophagy']"
14,"['design', 'synthesis', 'molecular', 'machines']"
2,"['work', 'draw', 'attention', 'catastrophic', 'humanitarian', 'consequences', 'use', 'nuclear', 'weapons', 'groundbreaking', 'efforts', 'achieve', 'treatybased', 'prohibition', 'weapons']"
3,"['novels', 'great', 'emotional', 'force', 'uncovered', 'abyss', 'beneath', 'illusory', 'sense', 'connection', 'world']"
14,"['developing', 'cryoelectron', 'microscopy', 'highresolution', 'structure', 'determination', 'biomolecules', 'solution']"
14,"['developing', 'cryoelectron', 'microscopy', 'highresolution', 'structure', 'determination', 'biomolecules', 'solution']"
14,"['developing', 'cryoelectron', 'microscopy', 'highresolution', 'structure', 'determination', 'biomolecules', 'solution']"
0,"['decisive', 'contributions', 'LIGO', 'detector', 'observation', 'gravitational', 'waves']"
5,"['contributions', 'behavioural', 'economics']"
0,"['decisive', 'contributions', 'LIGO', 'detector', 'observation', 'gravitational', 'waves']"
1,"['discoveries', 'molecular', 'mechanisms', 'controlling', 'circadian', 'rhythm']"
1,"['discoveries', 'molecular', 'mechanisms', 'controlling', 'circadian', 'rhythm']"
1,"['discoveries', 'molecular', 'mechanisms', 'controlling', 'circadian', 'rhythm']"
0,"['decisive', 'contributions', 'LIGO', 'detector', 'observation', 'gravitational', 'waves']"
3,"['narrative', 'imagination', 'encyclopedic', 'passion', 'represents', 'crossing', 'boundaries', 'form', 'life']"
5,"['integrating', 'technological', 'innovations', 'longrun', 'macroeconomic', 'analysis']"
5,"['integrating', 'climate', 'change', 'longrun', 'macroeconomic', 'analysis']"
2,"['efforts', 'end', 'use', 'sexual', 'violence', 'weapon', 'war', 'armed', 'conflict']"
2,"['efforts', 'end', 'use', 'sexual', 'violence', 'weapon', 'war', 'armed', 'conflict']"
14,"['phage', 'display', 'peptides', 'antibodies']"
14,"['phage', 'display', 'peptides', 'antibodies']"
14,"['directed', 'evolution', 'enzymes']"
0,"['method', 'generating', 'highintensity', 'ultrashort', 'optical', 'pulses']"
0,"['optical', 'tweezers', 'application', 'biological', 'systems']"
1,"['discovery', 'cancer', 'therapy', 'inhibition', 'negative', 'immune', 'regulation']"
1,"['discovery', 'cancer', 'therapy', 'inhibition', 'negative', 'immune', 'regulation']"
0,"['method', 'generating', 'highintensity', 'ultrashort', 'optical', 'pulses']"
14,"['development', 'lithiumion', 'batteries']"
5,"['experimental', 'approach', 'alleviating', 'global', 'poverty']"
5,"['experimental', 'approach', 'alleviating', 'global', 'poverty']"
3,"['influential', 'work', 'linguistic', 'ingenuity', 'explored', 'periphery', 'specificity', 'human', 'experience']"
5,"['experimental', 'approach', 'alleviating', 'global', 'poverty']"
14,"['development', 'lithiumion', 'batteries']"
2,"['efforts', 'achieve', 'peace', 'international', 'cooperation', 'particular', 'decisive', 'initiative', 'resolve', 'border', 'conflict', 'neighbouring', 'Eritrea']"
0,"['discovery', 'exoplanet', 'orbiting', 'solartype', 'star']"
0,"['discovery', 'exoplanet', 'orbiting', 'solartype', 'star']"
0,"['theoretical', 'discoveries', 'physical', 'cosmology']"
1,"['discoveries', 'cells', 'sense', 'adapt', 'oxygen', 'availability']"
1,"['discoveries', 'cells', 'sense', 'adapt', 'oxygen', 'availability']"
1,"['discoveries', 'cells', 'sense', 'adapt', 'oxygen', 'availability']"
14,"['development', 'lithiumion', 'batteries']"
5,"['improvements', 'auction', 'theory', 'inventions', 'new', 'auction', 'formats']"
5,"['improvements', 'auction', 'theory', 'inventions', 'new', 'auction', 'formats']"
2,"['efforts', 'combat', 'hunger', 'contribution', 'bettering', 'conditions', 'peace', 'conflictaffected', 'areas', 'acting', 'driving', 'force', 'efforts', 'prevent', 'use', 'hunger', 'weapon', 'war', 'conflict']"
3,"['unmistakable', 'poetic', 'voice', 'austere', 'beauty', 'makes', 'individual', 'existence', 'universal']"
14,"['development', 'method', 'genome', 'editing']"
14,"['development', 'method', 'genome', 'editing']"
0,"['discovery', 'supermassive', 'compact', 'object', 'centre', 'galaxy']"
0,"['discovery', 'black', 'hole', 'formation', 'robust', 'prediction', 'general', 'theory', 'relativity']"
1,"['discovery', 'Hepatitis', 'C', 'virus']"
1,"['discovery', 'Hepatitis', 'C', 'virus']"
1,"['discovery', 'Hepatitis', 'C', 'virus']"
0,"['discovery', 'supermassive', 'compact', 'object', 'centre', 'galaxy']"
3,"['uncompromising', 'compassionate', 'penetration', 'effects', 'colonialism', 'fate', 'refugee', 'gulf', 'cultures', 'continents']"
5,"['methodological', 'contributions', 'analysis', 'causal', 'relationships']"
5,"['empirical', 'contributions', 'labour', 'economics']"
2,"['efforts', 'safeguard', 'freedom', 'expression', 'precondition', 'democracy', 'lasting', 'peace']"
5,"['methodological', 'contributions', 'analysis', 'causal', 'relationships']"
2,"['efforts', 'safeguard', 'freedom', 'expression', 'precondition', 'democracy', 'lasting', 'peace']"
14,"['development', 'asymmetric', 'organocatalysis']"
0,"['physical', 'modelling', 'Earth’s', 'climate', 'quantifying', 'variability', 'reliably', 'predicting', 'global', 'warming']"
0,"['discovery', 'interplay', 'disorder', 'fluctuations', 'physical', 'systems', 'atomic', 'planetary', 'scales']"
0,"['physical', 'modelling', 'Earth’s', 'climate', 'quantifying', 'variability', 'reliably', 'predicting', 'global', 'warming']"
1,"['discoveries', 'receptors', 'temperature', 'touch']"
1,"['discoveries', 'receptors', 'temperature', 'touch']"
14,"['development', 'asymmetric', 'organocatalysis']"
5,"['research', 'banks', 'financial', 'crises']"
2,"['Peace', 'Prize', 'laureates', 'represent', 'civil', 'society', 'home', 'countries', 'many', 'years', 'promoted', 'right', 'criticise', 'power', 'protect', 'fundamental', 'rights', 'citizens', 'made', 'outstanding', 'effort', 'document', 'war', 'crimes', 'human', 'right', 'abuses', 'abuse', 'power', 'Together', 'demonstrate', 'significance', 'civil', 'society', 'peace', 'democracy']"
2,"['Peace', 'Prize', 'laureates', 'represent', 'civil', 'society', 'home', 'countries', 'many', 'years', 'promoted', 'right', 'criticise', 'power', 'protect', 'fundamental', 'rights', 'citizens', 'made', 'outstanding', 'effort', 'document', 'war', 'crimes', 'human', 'right', 'abuses', 'abuse', 'power', 'Together', 'demonstrate', 'significance', 'civil', 'society', 'peace', 'democracy']"
2,"['Peace', 'Prize', 'laureates', 'represent', 'civil', 'society', 'home', 'countries', 'many', 'years', 'promoted', 'right', 'criticise', 'power', 'protect', 'fundamental', 'rights', 'citizens', 'made', 'outstanding', 'effort', 'document', 'war', 'crimes', 'human', 'right', 'abuses', 'abuse', 'power', 'Together', 'demonstrate', 'significance', 'civil', 'society', 'peace', 'democracy']"
3,"['courage', 'clinical', 'acuity', 'uncovers', 'roots', 'estrangements', 'collective', 'restraints', 'personal', 'memory']"
14,"['development', 'click', 'chemistry', 'bioorthogonal', 'chemistry']"
0,"['experiments', 'entangled', 'photons', 'establishing', 'violation', 'Bell', 'inequalities', 'pioneering', 'quantum', 'information', 'science']"
0,"['experiments', 'entangled', 'photons', 'establishing', 'violation', 'Bell', 'inequalities', 'pioneering', 'quantum', 'information', 'science']"
0,"['experiments', 'entangled', 'photons', 'establishing', 'violation', 'Bell', 'inequalities', 'pioneering', 'quantum', 'information', 'science']"
1,"['discoveries', 'concerning', 'genomes', 'extinct', 'hominins', 'human', 'evolution']"
14,"['development', 'click', 'chemistry', 'bioorthogonal', 'chemistry']"
14,"['development', 'click', 'chemistry', 'bioorthogonal', 'chemistry']"
5,"['research', 'banks', 'financial', 'crises']"
14,"['development', 'click', 'chemistry', 'bioorthogonal', 'chemistry']"
5,"['research', 'banks', 'financial', 'crises']"
